342f73f4-d1f9-46bb-97ab-b9172302bc50|Aal|1
6f652a3c-0d96-4594-9a57-aab206ae1604|Adzuki Bohnen|3
48a68806-f77c-4484-9ca7-739eeb1c51e2|Agavendicksaft|0
a4c77e8c-471f-4acd-97f6-eed232249ecb|Ahornsirup|0
1e444328-e4ec-447b-b333-165443998d9e|Alaska-Seelachs|1
2faa846f-518c-47ea-8921-5bc875da1e7a|Algen Nori|0
7b6a4f6e-d658-4f00-9985-9dcfe74d356d|Algen Wakame|0
7b4d7f1f-18c1-4188-837f-607c88829e7b|Ananas|3
5aa75e07-30ad-4aa6-823e-fc44cb665f0b|Ananassaft|3
79070ff1-d666-496e-9ac3-a21f0867778e|Anis|0
888fadaf-245c-4e79-9b69-c748f07ca3cf|Apfel|0
0929beaa-56c0-4316-9714-92c1d4789a54|Apfel geschält|0
d18b3638-ad38-4fa7-a16e-4a51633f2544|Apfelessig|1
33a3cf6d-3ffd-410e-a7af-0806f162fe57|Apfelsaft|0
f0c08611-2f52-4be0-b075-9714bc6e7d5e|Aprikose|0
03ad9764-9a8d-4a43-a193-665c1c868170|Artischocke|0
d3fc7e90-1ac5-466a-b682-5aef7284d169|Asafötida|0
c212df8b-7733-4b3e-8bbb-2cb4ebf63e29|Aubergine|3
f4e6d635-b84d-48e8-b362-53eadf9c99c2|Auster|3
c5d6b6ce-8df8-492e-9ffd-be78f371b89a|Austernpilz|3
f0377e5a-3807-4586-812a-fdb983395ed1|Austernsauce|3
2b5477cf-55fe-46f3-ba1f-448361e3e1d3|Avocado|3
991ed990-0b88-4509-9d24-327955831054|Avocadoöl|3
26ae3cdc-8e29-4bd6-828b-aaebb35b6112|BBQ Sauce|3
98ad36b7-2aaa-4931-ba7f-c58f62d45086|Backpulver|0
460b2d4e-2b87-43dc-b885-1b01c59aecda|Bacon|3
9a894302-1c2c-43e3-a70a-12e5fbf4edc5|Bagel|0
120b6f7d-2d23-4c53-af6f-2045c959c99d|Baguette|0
010387d4-92f4-4a5b-ad26-b8d506f522f1|Balsamico|3
8bae030f-00d2-4760-bbfa-4f357e7e197a|Bambussprossen|0
d11348cd-7892-4453-a86c-ec501c529a86|Banane|3
34c2818f-d9af-4729-b69a-7fa3b19dafb8|Basilikum Thai|0
0bd7b241-9abb-45b8-9509-75e7f50c9151|Basilikum frisch|0
c6e6bd5a-d158-4018-8e08-018f52aec4ff|Basilikum getrocknet|0
140333f1-406b-409c-9594-a53e170e26a4|Basmati Reis|0
8c8a743d-59b6-4e7d-a413-0d205218d799|Bergader|3
4d36b8ae-7ed7-4ff8-bd1d-d296d180d83d|Bergkäse|3
53cfa90f-b6d1-4a12-8539-402b1a9b0e9f|Bier hell|3
3bb311d7-6e00-4be5-8c92-5e684daa161c|Birne|3
85e5a59a-0e32-4529-92cc-93bc28d87255|Blaubeere|0
85177b1a-a3da-4435-a144-6e8e0231e18b|Blauschimmelkäse|3
3e20b894-0c74-4ea2-9c5c-34e59b45c264|Blumenkohl|0
eace2968-701e-41fb-bd64-397cb403b763|Bockshornklee|0
8ffc58cd-3a90-4dff-ad23-c03802346904|Bohnendip|3
58837244-6f49-4214-8291-41703e6dea2d|Bonbons hart|0
887f4eea-4e19-4c3a-aad6-0cd30a56ebbb|Bratwurst|3
2ae2d5b3-22ba-4b10-9ecf-71a02ac803fb|Brezel|0
cc43247a-6974-4bf7-9f90-6fb5edc12dc5|Brie|3
1782560e-ac16-4c76-abef-9613765a6e04|Brokkoli|0
507f6d1c-db00-4169-96c4-863a90d3536a|Brombeere|0
177cc66c-ad09-4abb-9490-6cf73d1276a7|Brotfrucht roh|0
daad04b6-79d7-4c2c-8584-b68dbd39da32|Brunnenkresse|0
5b0d5a73-f328-4c24-8eac-ea64c3d99ebd|Brötchen|0
cbf77dc5-0be5-46fc-b8ce-15ea82b61890|Buchweizenmehl|1
b84db33f-ba24-41cb-9890-8e0b39ac4205|Bulgur trocken|0
d2083c94-fd42-461f-b0d5-0d44e653bad2|Burrata|0
f0873dbe-495a-497a-af09-2084d8050afb|Butter|0
ff9ab19a-4bda-48ea-91e8-fa54d4b41b02|Butter gesalzen|0
aff80d5f-0fec-4b1e-8e98-feb157a9936a|Butter geschlagen gesalzen|0
17a03802-ad16-4082-9bfe-c39b30d726a0|Buttermilch|1
f42f8817-2c93-4ad7-b793-e56aee27928d|Bärlauch|0
a9f4028e-3f43-4f4e-bdfe-37c81b676238|Camembert|3
2db82e0a-afe4-45ad-9eb4-b1b83837008e|Cannellini Bohnen|3
18d2ae24-89ad-45be-891c-0baad5b3fb5f|Cantaloupe|0
6af7771d-664f-4719-93f6-8fcd1f5509f2|Cashewkerne geröstet|3
2349180f-87e2-403b-b1a4-7d6085cc663b|Cashewkerne roh|3
ebfabaf4-0dcc-4bf6-9ef5-6b361061f0eb|Cashewmus|3
4cb03c5b-6099-4faf-92ea-1f4e225a1a5b|Cayennepfeffer|3
e491fb2e-296e-40c4-b982-0827b2b364d3|Champignon braun|3
2968ef0e-8fda-4173-b752-343488a28cc3|Champignon weiß|3
bc765da5-278b-4161-b51a-a630fe7b0ffc|Cheddar|3
bdb8b35c-c973-422e-a144-870a66c30338|Cherrytomate|3
0571f65c-b005-4438-8e90-2585bb8a0795|Chia Samen|0
ca2cb494-a339-4a93-8dd6-f73dd9c1416f|Chicorée|0
29be9905-a2d8-4122-bdb1-3eb1761b6d03|Chilipulver|3
9fbdcf67-39f8-45b9-9fb7-43a43a75bd35|Chinakohl|0
256a3a3e-7edc-4864-8592-a57d40973637|Chow-Mein-Nudeln (chinesisch)|0
d87a1d90-3a0c-4f84-a9c4-6374a0023368|Ciabatta|0
923773a6-7c7c-4ed6-a391-52ced5cf9fbd|Clementine|3
59f10305-5f1b-442e-9ae2-0465ce132c30|Corned Beef|3
54b43f9f-072c-4f98-a3f8-60aa9b87934c|Cornflakes|0
8aebfceb-8ae7-4e8a-80e9-db59649eefdc|Couscous trocken|0
afe97b2a-550d-49fe-aa51-5d86ab29cf49|Cranberrysaft|0
d97bd0ab-442d-44f6-9430-b0834b05f1ce|Croissant|0
02ac8e46-cef1-4e39-9097-e5220c2a5254|Crème fraîche|1
90359d25-247d-446d-8a03-7c672e84add0|Currypulver|NULL
6e9c75d8-7a95-4740-8af0-71aefb5b741a|Dattel|0
b62135d2-7814-40d9-92ac-1cfc3f19f456|Dill frisch|0
fcab2468-bb9e-42de-bac6-9d4ac59b080d|Dill getrocknet|0
d6e40410-5709-4a9c-bbbe-dad409c48bf7|Dinkelmehl|0
a77b40d0-6eca-43e4-a0d1-fc61907c41c4|Distelöl|0
2cae42d6-b14a-40f2-a854-63090627b5ae|Dorade|0
46552d7e-d90a-449d-8f6e-b273b142a6fd|Edamame|3
57fc3051-00ec-4901-b632-51391b010b6b|Edamer|3
f1c3340f-33e8-4c7c-9f21-0ea911de7f5b|Eichblattsalat|0
46dd87ab-bb63-4d5e-b508-92e1243243a6|Eiernudeln|0
08e0ce44-af0c-4fb7-b88e-49f549971861|Eigelb|0
9c76a025-1c24-400c-b943-40dd9322a52d|Eisbergsalat|0
a254193b-5749-44c4-894d-683b24feb876|Eistee|1
2eabb621-8501-4d4a-bf23-542913056bf3|Eiweiß|0
060e54b1-832d-4c32-a52e-521eda1a27f4|Emmentaler|3
bec18eba-fc77-46e9-887e-dee1cfc6bf26|Endivie|0
7148f4b6-4117-4c46-ab43-9f497aab757d|Energy Drink|NULL
4d30d3cb-2752-4f15-bf3a-8a57d714f4be|Ente Brust|0
bbe027a9-8c55-4c03-a249-0f513bda206c|Ente ganz|0
25d29a11-c4e2-473b-a745-87973948e690|Entenei|0
ffa87b5a-117e-4471-9506-2b696ee0e064|Erbsen getrocknet|1
d3d71cec-00bb-43fa-8fa6-3f4bf6f4d071|Erbsen grün|1
76def34e-8e09-4652-be60-4e4ad327e7d7|Erbsenprotein|1
8f876915-c447-4435-8176-37abce51df43|Erdbeere|3
3b8ede00-1ec1-4d9d-87e7-d1792c000352|Erdnussbutter|3
47a994d7-7999-4429-8b56-af134627a084|Erdnussöl|3
5e8b4d76-83a2-42f6-a72d-cbbc5dad345f|Erdnüsse|3
4171ca36-c6d2-4432-9a48-93bbd9405f43|Erdnüsse geröstet|3
a1655b86-6245-406f-9b41-ad164a0c0400|Espresso|1
16c78f45-5bb3-43de-87b4-6cffc61f22d8|Essig Rotwein|3
4cde35ea-9c55-4e8e-8d92-f7a78dd4bd28|Essig Weißwein|3
e20b8edf-987f-47c8-9c1d-d03afe0fe21e|Estragon frisch|0
b0563162-77a7-427b-bfdb-e264f8f68678|Estragon getrocknet|0
182c420e-0242-4e95-9720-04aefa61f713|Evaporated Milk|0
1f2d115c-5c51-400b-95b8-b04fcb5f8970|Farfalle|0
3979d764-1972-4953-9032-fa0513797939|Fasan|1
2f32bc2d-19f3-418b-886c-e67763a40f9a|Feige frisch|0
211ac7b9-3b08-43a5-a28a-772ac867288d|Feldsalat|0
d21b7190-ab30-40d3-8246-3bbbe860649b|Fenchel|0
2d700fcf-c4ab-417b-8a0c-f3b66df502cd|Fenchelsamen|0
53733114-dae0-4ffa-a3cc-9fafe391b269|Feta|1
a1b218cb-680a-42c7-b9db-0e3c63dcd12c|Feta Vollmilch zerkruemelt|1
cd3941ff-1994-42af-ab52-fd6804d14bb5|Fettarme Milch|0
39774c64-0500-4a90-9bd9-3e48501aa7ee|Fleischstrecker (Soja)|3
da798e81-351e-4e64-8c79-a0f1e69726a5|Focaccia|0
08689ae3-4e29-4ffe-a265-2664672c8698|Forelle|0
3eb0afa7-08a0-4c4a-8661-ce124d49450e|Forelle Wild|1
498135f1-ee9d-4961-80b5-f99e3d437a06|Frankfurter Würstchen|3
6cc8a3d5-d671-4456-8537-1ef0346ba4cb|Frischkäse|0
be4dd12f-a555-455c-9a3d-88f3564babe1|Frisée|0
58b79b2d-653a-4586-a41e-ceba2d0b4432|Frühlingszwiebel|0
3a065d3f-9a69-4060-941f-e608b92b8954|Fusilli|0
23f8a356-e3dd-417c-91ce-e19a4b7b56ee|Gans Brust|0
1bb9eb7d-7b09-4bdf-9873-9bdf0a348f3c|Gans ganz|0
e018f9d3-d0a0-4352-913a-0f5d55ecf615|Garnele|3
c471950c-59da-417b-8908-a6ed49e9837d|Garnele gekocht|3
dd42c435-9e95-42d1-b9ea-e2912c417a1c|Gelatine|0
02e82ed6-65d3-4ac1-8ea5-0d30cd7ea978|Ghee (Butterschmalz)|1
a309a837-5a48-42d6-98d3-9e82253e652c|Glasnudeln|0
3f95cda4-69c5-4e95-9f56-1cd6000f0a30|Gluten Weizen|0
43403ec3-c66f-492b-8135-5cc2a54b5623|Gorgonzola|3
cd54e719-0934-4bfb-9b27-be141d7d2702|Gouda|3
eb44c0b0-1523-446a-8b0e-362d1369a785|Grana Padano|3
52def115-c223-43ba-8de9-e042b0e9732f|Granatapfel|0
19c5ece4-ea50-40b9-b5f5-71b870b90408|Granola|0
163ae83d-2e10-42f7-8118-384707f47e83|Grapefruit|3
39cf5ee3-4960-41e7-aefa-2f01337848e6|Grapefruitsaft|3
1e0ea43b-b89d-4521-8ae1-21f99f33cfa2|Griechischer Joghurt|1
b7b7efbb-50b2-4f8f-847e-7b52395d214d|Grüne Bohne|3
4ab591ab-0451-415c-aad1-7eb834dee56e|Grünkohl|0
3f7636fb-5a7a-47ae-9e28-f78d5809b4d0|Guacamole|3
92eb9c08-0490-407e-aa66-78def63fdefb|Gummibärchen|0
fa9941d1-a107-43a8-b52b-ffdfdf73e2ea|Gurke|0
e7b5ce5c-8eb2-430b-9390-8903302032b6|Gurkenkürbis|0
028e599c-7b76-47fb-8316-8933b98c4863|Gänseei|0
b17e1588-c8da-4b94-ac02-98bc8b21d243|Haehnchenfett roh|1
074d214d-a320-4973-b48c-eef2fe1fefb4|Haehnchenhack roh|0
f1fab383-04c3-4eaa-ba0a-ad3cc3b7b52a|Hafer Hack|0
950af595-a769-4ec2-aa86-97a00c499031|Haferflocken|0
08ee6a13-3f4a-4dc1-8afa-396b8d72d583|Haferkleie|0
981c34e6-fbe6-49e8-890b-c60f01af41ba|Hafermehl|0
4616b260-6fb3-4e4a-9c92-20d54102cb8e|Hafermilch|1
5aca3ca9-ed65-4ca4-aed7-8a04c56356b0|Halva|0
90f03100-c8d8-4fe2-aca0-1f09752e4bf8|Hanfsamen|0
419091f7-57e5-47bb-84c4-6878ad43fb2e|Hartweizengrieß|0
70d01a04-f29e-47af-b29e-6668d19ec24c|Haselnüsse|0
fadb77d3-7b1d-4c16-b299-ffc97038ef81|Hecht|0
2eb31761-1cb5-458e-b4ad-6762dad9fc9c|Hefe frisch|3
5770a015-6d45-48bf-a426-1f5f985ac8ec|Hefe trocken|3
0d9a61ab-84bd-4891-b832-f5b9f1816191|Heidelbeere|0
18d9e44b-6d2f-44e8-85cf-01e82c24b285|Heilbutt|0
bffe8e74-607f-4fa3-ab4b-248c10519541|Hering|3
b775371d-d681-4ad9-b4cf-43f2c5eeca53|Hering eingelegt|3
8d99d653-412b-40b2-8551-df2b447ecdcf|Himbeere|3
4f9ff143-1c9e-4301-ab13-2abe2019cfa2|Hirsch|1
eb16275f-9fe0-4b8c-bc0a-b5ac571f2bf2|Hoisin Sauce|3
575ed191-04cf-451d-8458-621351007fc9|Holunderbeere|0
b27253a7-74e7-42f4-a51c-cd7e806ece81|Honig|0
fc24b3f3-db85-4fe5-9924-17bb477cf888|Honigmelone|0
bc9fe301-5583-4d3e-b59a-33ba26eacb32|Huehnerei roh ganz|0
4bc432ad-ca53-463f-a154-8eca564c2d53|Hummer|3
0260a2fd-2ccd-43d9-b96e-2f2fb1843841|Hummus|3
e83d39aa-6e33-4fa6-a6ba-e639b1ec6955|Hähnchen Bratrolle|0
db7f1f6e-64e4-4cbf-afa2-6b909292c7a7|Hähnchenaufschnitt|3
2f1118eb-ff7a-4e6c-925b-bb075c1d3de6|Hähnchenbrust|0
500ef757-c74d-4678-b5ba-aefca98f4018|Hähnchenbrust mit Haut|0
05122d23-e74e-4722-9ae6-c2423696e069|Hähnchenflügel|0
3bbf9726-aa37-4ef3-b548-3ded84831eed|Hähnchenherz|0
fcfe0abe-289f-4555-a4ab-e19cdd4e2fd0|Hähnchenleber|3
6df20d02-8f2c-455f-a692-ff343670f1c7|Hähnchenoberkeule|0
54c992b4-61af-44ca-b429-eaf6d5306eb6|Hähnchenschenkel|0
0de7b76b-effe-4bdb-8a38-3c14a8ea0dd6|Hähnchenstreifen|0
b42d42c6-4f3d-41f0-9202-431d2e87c59c|Hühnerei ganz|0
34c5e543-dcb0-4a35-a6b4-9567d32c9797|Hühnerei gekocht|0
368a73ba-1a21-498a-8d0d-68f513a69534|Hüttenkäse|0
723cc0d6-f593-4833-a2b2-9cae2b42e6fc|Ingwer|0
1c00776f-884e-4018-9ccb-6b1916e88ed3|Ingwer gemahlen|0
28007942-8f1b-4244-9a66-a394e20417b3|Italienische Kräuter|0
4ce4bc84-df6f-49ea-a1ef-c8f326bbb9ef|Jakobsmuschel|3
13faa477-fec4-48dd-b952-485e3b1aee71|Jasmin Reis|0
ef557c51-9934-461f-9a5d-3ad98c9f7527|Jelly Beans|0
ac5cb022-30cf-4746-961e-921298451c58|Joghurt fettarm|1
8ea83970-ffc6-4387-af1b-572a358280b0|Joghurt natur|1
39cde39d-1563-4e26-b134-2de55af547cc|Joghurteis|1
a5f78040-fee6-48d7-b946-a885e3146c59|Johannisbeere rot|0
f5c996a4-d086-4a6d-98d4-fc64a5df516b|Johannisbeere schwarz|0
dd01c1be-3baf-4a6b-97a4-3189e880348a|Kabeljau|0
1611d47d-f501-4c39-a01a-f7f39a9f67d9|Kaesebrot|0
3864afea-233e-4473-8774-4f3979d78b22|Kaffee schwarz|1
8d5d83c3-85aa-462d-85c5-dcdc84668728|Kaisergranat|3
9fdb9096-7989-4c00-bb3e-4dae201776a3|Kakao Tropfen|3
d51089e4-b937-4b00-a662-f2649fc245aa|Kakaobutteroel|3
817d5a15-f20d-4a33-a1c8-bc339cea866e|Kakaopulver|3
77fa4e8e-00fe-49ed-8141-be6b5edbe4d9|Kaki|0
f2ead844-a4da-437d-afff-bac27aa42579|Kalbfleisch|0
27c4b16c-f35a-42b7-adb2-6e2691bf5a82|Kalbsschnitzel|0
0bf5f22e-84b6-42d7-9268-c2c814542dad|Kaninchen|0
aa95ee82-05a8-414f-af95-20fe80c268af|Karamellbonbons|0
b63646de-999c-4a74-86b1-29907e72314d|Karamellsirup|0
02d41235-9fab-4f56-831b-501ac1d8048e|Kardamom|0
47c10316-7593-4cae-b46b-e976e96e0f44|Karotte|0
cb5d915e-2abc-4b98-9539-6346e4f7a995|Karottensaft|0
5623679d-6ec0-4f9c-9a53-c1748d215857|Karpfen|0
c7faae9c-3f12-4271-a1d2-2dcd8c98b448|Kartoffel|0
e2a3d974-090d-4694-acde-50140fde52ec|Kartoffel festkochend|0
3b711c58-8f66-439d-9728-38bb061c33a2|Kefir|1
718f56f4-fdd6-45f1-a0fa-3f17b7563f21|Kekse|0
b5798590-4613-4a1b-b2ca-cb087f2d4621|Kerbel|0
a12a0877-263e-40a3-a9f6-2e514c89589b|Ketchup|3
8fb9ab31-76cd-4f12-b160-74a2c02a1ad5|Kichererbsen Dose|3
6cb4ef87-28a7-4374-a933-d46ab8145a87|Kichererbsen trocken|3
51851185-edd7-462f-8fc6-13f0b3475931|Kichererbsenmehl|3
32a06806-b46d-4240-9d32-2bc32eed50a6|Kidneybohnen Dose|3
f92712e4-df13-4ee9-a1ae-11da70612466|Kidneybohnen trocken|3
23197358-13a9-40a7-9324-584741c0c592|Kirsche sauer|0
bcdedd1b-48a3-4d19-a457-82be7780c1a6|Kirsche süß|0
8b358a22-1e07-48e4-a726-cacda1639536|Kiwi|3
4a0fcf2a-00ee-4901-aa9b-ef0076e13b11|Knoblauch|0
dcf38aad-391e-4203-b5ec-128ae42e531f|Knoblauchpulver|0
2ac118e3-cb17-4023-8b2d-327e68671d9d|Knäckebrot|0
21d231e4-4267-4220-8596-3f4c9ca81902|Kohlrabi|0
69680641-6b9b-4544-a8ab-8a373845bd10|Kokosblütenzucker|0
4c5a7312-d3e5-47f1-8926-8c448de4701c|Kokoscreme-Pudding Trockenmischung|0
e4e7ebea-bc17-4b89-8f2a-60f24f3ba5cd|Kokosflocken|0
3e9b7b74-29d2-40e5-a7b2-5960b7d245ad|Kokosmehl|0
a4a1cc52-ed95-4172-851d-e029081f8ba7|Kokosmilch|0
e16077f1-1aea-4e8e-8b8a-606c7d63a298|Kokosnuss frisch|0
3e149c2a-2ead-4715-ac2a-2e563fa87a1f|Kokoswasser|0
73febc1e-1782-4aae-a6bc-a2669a19f98b|Kokosöl|0
8e654385-1f74-41ae-b845-a7acb472b12a|Kondensmilch|0
4c202f15-a8db-43b0-9e43-e2a4cc9c8e3f|Kopfsalat|0
defe45ea-81e6-4b86-8e3c-a22a7604cb17|Koriander frisch|0
c3ec7896-6b97-4db4-b21d-91eb1996f808|Koriander gemahlen|0
a799c7a8-e2de-4104-a8ed-6a0062807514|Koriander getrocknet|0
217dfcec-f4a2-47f1-b54a-bbab50869174|Krabben|3
344369b9-cf6a-46dc-8f7f-2fa1a4bc6e81|Krebsfleisch|3
98704f2e-1250-4f52-8a35-734984d3ded0|Kresse|0
447322b7-fc35-4aea-9851-94d1202fd612|Kreuzkümmel ganz|0
ca4178e9-250a-4c94-af25-d4f31d21b469|Kreuzkümmel gemahlen|0
74a52880-534c-469b-8a1c-f31ba18d5a55|Kräuter der Provence|0
34a515f4-96eb-49eb-abd0-0404a9ac95ec|Kuchen|0
b96f9b67-4910-4456-b887-ecb596f5ec4f|Kurkuma Wurzel|0
79bdc6a4-fdea-4928-a89a-068e40c8ca03|Kurkuma gemahlen|0
82808312-23cf-4825-b97d-635cc4de454d|Käseaufschnitt|3
e7024911-40be-4431-8598-2c675b17a2d7|Käsemix gerieben|3
93f5f427-d926-4126-aacd-269993b4ff44|Kümmel ganz|0
f8442b6f-467f-42f0-9641-60a855136d94|Kürbis Butternut|0
4a857de2-a108-4ab4-9411-b887ad1a0db4|Kürbis Hokkaido|0
71d97222-d083-479f-b71b-740446de0f71|Kürbiskerne|0
8db5d34a-c135-4443-be81-75076d9e6409|Lachs|1
be397139-6713-4c6a-a823-f34b3acee238|Lakritze|0
fb321bd5-3c87-407b-9e68-63d6030b4a2f|Lammhack|0
c45ed53e-3076-46f1-a71f-8d393ac13798|Lammkotelett|0
922ad118-d1aa-4b49-ae7a-55da2cd98c1b|Lasagne Platten|0
df0009f9-c587-45f4-b7ee-f38d1bb0f936|Lauch|0
a2188035-e64f-4762-9889-84ab70668389|Leberwurst|3
8c91e768-fb93-48db-88d6-13d038d8044d|Leinsamen|0
f9d98fb5-ba80-4eac-b514-e231efb3bbb0|Leinöl|0
a112cc61-73be-4f5b-b42f-da7c91504058|Liebstöckel|0
354dda8f-0cb5-4d1c-a7f6-3eadcb8b7df0|Limabohnen|3
b4282847-61a0-4174-8ec9-c72dc85c7d4e|Limette|3
d87d991c-0685-40a3-a678-038152b918ef|Limonade|0
ffdab739-4979-43e1-86d8-a97e48594e57|Linsen Beluga|3
9511e903-7b7a-41e4-8258-e6a97273b098|Linsen Berg|3
5796b104-5297-48a2-9be4-e49003b07a23|Linsen grün|3
8c61bab9-fb6f-4e79-97c5-9436d447adf6|Linsen rot|3
cc503185-87b6-4518-88f1-03dcc12d9411|Litschi|0
e34531dc-f22d-4aed-b83b-a9ce7a5b33fe|Lollo Rosso|0
e29cd75c-8997-4a80-a4ba-32bdf2ff2453|Lorbeerblatt|0
d037f62f-5906-4e72-a67a-69b14c26aaae|Lupinen|NULL
35e216af-7925-471c-91a5-f538a69baec9|Löwenzahn|0
3ff37645-cdd7-4b1b-baed-b545cbbcbeed|Macadamia|0
9609ca6f-f127-475e-a29d-fb50c9a526c2|Magermilch|0
1577efb1-bba9-4550-a944-23c233ab7931|Magermilchpulver|0
f92405d4-2783-46c4-a594-dcddffa8573d|Mais|0
ed6ee921-3f9c-4b5b-b78e-2e3d9dbcee65|Maiskeimöl|0
b3ee8aee-4046-4c00-a54e-1686c804447f|Maismehl|0
57115337-d0bd-44e6-a5a4-05f281d56cb5|Maitake-Pilze roh|3
4f6a0bc8-3a5f-46fc-98c6-bfe216debc12|Majoran|0
1b9d86f0-1a03-4825-a343-453e56a7a14a|Makrele|3
757910d1-05c3-443b-bebd-ad59dd6f7884|Manchego|3
f9f283a4-f8e5-4354-9594-4e653358f4bc|Mandarine|3
810576f9-e47d-49d5-a2ec-a3c5e5f5034f|Mandelmehl|0
4cd4a5f2-c9e3-4a1d-a362-97c5b38376cc|Mandelmilch|0
a179147c-b7bd-426e-96f3-03524d9c3e12|Mandelmus|0
7199e6c9-7730-4552-aa81-08ff85aafee0|Mandeln|0
5760ca5c-e745-4c5e-ac49-5bd5895c7095|Mandeln geröstet|0
9b54e6e7-c193-46d8-9b82-ced46a4bd093|Mango|0
846d9ecb-885c-45d4-9b25-d146f1f2b4f3|Mangold|0
865a3b6e-7e43-4fe7-bded-88615c23a7bb|Maniok|0
d507c872-0370-436d-9911-d45483fe7344|Margarine|0
76e98bf0-5af7-4218-958b-52ecd4191cc0|Marshmallows|0
2e5256e1-35f9-437e-8922-942c036b5541|Mascarpone|0
dbed8e94-1c89-4dd3-972c-1054821ff411|Matjes|3
49801800-e870-4049-bb07-3befa3407987|Mayonnaise|NULL
93d04769-5b8c-46a6-bd47-86aa4ef96141|Mayonnaise leicht|0
5802f0f6-2ab2-42b1-8bae-5c54a61fe7fc|Meerrettich|0
b3275509-6de4-4b8f-a18b-ce7afa21f948|Meersalz|0
739917b1-8305-4bca-b94f-1092650202eb|Mehrkornbagel|0
a59144c1-aa4f-42ad-934b-8ad3dcc03030|Melasse|0
4c15ace0-9929-4107-9d5d-b9bf8b99c990|Mesclun|0
02ee1110-0f2e-480f-9050-4b9d9845980a|Milchreis (Arroz con leche)|0
baf5cc20-e58c-4cc5-9897-ab01805db852|Mineralwasser|0
b47539a1-7206-496f-a6b3-054803b6a57e|Minze frisch|0
5ff8ebf2-a9cf-4c8a-9b35-a2829cfa6348|Minze getrocknet|0
8d26cc76-45ee-4bed-9223-0b8a52c995d8|Mizuna|0
42b114ea-11e2-495b-b8ef-e674932c1dac|Mohn|0
1c8153c5-3b44-4046-af36-27bd09f37ab3|Mohnpaste|0
05aece16-84e1-46dc-9059-19c867af5e0e|Morchel|3
bc88469f-2bdd-4228-a14a-b4c56d2e41bf|Mortadella|3
1fc86bfa-13de-4d5d-9a09-550913542cf2|Mozzarella|0
fd72774e-fe6d-48e2-9c77-d534ee2eafe6|Mozzarella Light|0
87fbdd9c-2029-4893-9c72-95482fa855b6|Mungbohnen|3
00650246-28f0-40c2-b959-762cbe7abe86|Muschel|3
d1a7e1c4-80d2-4378-a3c9-eacbbd17e883|Muskatbutteroel|0
1466ec52-61e5-4dab-a82c-f82b1793bb9a|Muskatnuss|0
f6633a80-7d40-424e-b626-5e1b650fbee3|Müsli|0
6699d072-e3d4-4734-84fd-936ae8745e94|Natron|0
a487eee7-9b57-4ea2-91e6-2c5d50ffdc86|Natto|3
eef00e33-172e-4f28-a932-8e1d190f371a|Nektarine|0
178af4da-0f43-4b33-825f-0ba8ad02964a|Nelken|0
04f3a09f-3ce1-4f74-a08f-abf5f8ca538c|Nougat|NULL
330ddf60-291e-4387-a508-4b7c8b90e69e|Okra|0
7eafc25f-994a-4736-a3b7-0bd9629f4b36|Oktopus|3
4179abe3-a3d8-4d62-8184-ef75f954d1b2|Oliven grün|3
8b64a5d0-ca89-49dc-829f-9cb5e50ab43b|Oliven schwarz|3
1272b18f-5cd0-4bb4-837f-525fcf734111|Olivenöl|3
c2394772-63e3-4ab1-9afd-a1547a3d2c5a|Orange|3
2fc6dfea-5f92-4304-9d59-3e8889ee5765|Orangensaft|3
beb9af7d-5207-439b-97a4-b2d0a451ab1c|Oregano frisch|0
24c3ebda-22e5-432d-acf7-661869896396|Oregano getrocknet|0
f14197ec-7e80-4606-be61-d43ecf613236|Pak Choi|0
017a08c8-bb1d-47e7-b472-d8b71f495ea9|Palmöl|0
b3911d50-9aaf-4481-9088-1e6f7c70cb22|Pangasius|0
e0275538-122f-4d4d-91f3-0250f70ad54a|Papaya|3
4c440f0d-f8ee-441a-9616-81633e5e3254|Paprika edelsüß|0
74c61ffe-823d-4505-a6a5-a56ae674698b|Paprika gelb|0
596a03d3-746c-4493-9c74-56897b72f686|Paprika geräuchert|3
6b3d41a6-cb90-4ded-91b9-a322d5207811|Paprika grün|0
60b1fa14-bfa1-45aa-b2dc-7ef1175f12a2|Paprika rosenscharf|0
266b1225-d828-4793-bce2-83e4992c6462|Paprika rot|0
fe16584b-54ff-4832-b498-f6834e030109|Paranüsse|0
7f58b771-ded8-4abc-a7aa-36e1dc1153df|Parmesan|3
0ce93715-c196-46e6-b414-9b716056373a|Passata|3
3445d36b-693a-486e-920c-eb89dec477ed|Pastinake|0
dba900e5-2da8-4555-a017-50369b06a682|Pecorino|3
915b7928-54cb-48b3-9a17-aca5c49518c1|Pekannüsse|0
9721616b-c000-4059-9f37-5f2c8adfbde6|Penne|0
522f4e7b-6063-4c12-857b-486b208773ba|Perlhuhn|0
14863193-6aa3-4744-84d1-48cd345ef78f|Pesto|3
63fecd83-2143-43f3-a1de-61fe2f5a33cb|Pestwurz gekocht|0
99ff8da4-fb11-4ee8-bf96-3f1329590cc8|Petersilie frisch|0
b734f9dd-dd33-4326-b0ca-6635e2cabf92|Petersilie getrocknet|0
ac7f87c9-921c-4eb8-972a-fcaee0f44b44|Pfeffer schwarz|0
75d1c359-b557-4f24-8f47-47e1beee24be|Pfeffer weiß|0
aa31df2a-1a9a-41d0-933a-9d0fde87a18b|Pfifferling|3
8bfa0d1c-6cea-447c-b8c1-a71d03484b2e|Pfirsich|0
4bda75f6-1470-4c8f-9ff6-e6894453e38f|Pflaume|0
3292a771-b6a4-4ac7-99fa-179deeecfbc9|Pilze gemischt|3
308a96fe-53e3-4e56-97fe-85c3ae472e40|Piment|0
715655f2-bb9f-48cc-b4d3-a4569c0da2a5|Pinienkerne|0
b3373495-56ef-4b0e-bbc8-bc806b4b7f86|Pintobohnen|3
91eef2f1-5d7d-4167-b752-f0cf3e9bbe66|Pistazien geröstet|0
b79254f9-2f54-447a-873f-ca3154fa9aab|Pistazien roh|0
b71b9d8f-93d3-497a-9581-00de80430661|Pita|0
c9bc77aa-082f-47b8-96a0-7dd2fd94802e|Pita Vollkorn|0
35166af4-ae0c-4699-8b16-2152fd2fbc66|Polenta|0
b7a0f09a-7f0e-475a-85c9-0ee9ebae2698|Portobello|3
5ea6c780-2a69-42e9-a4ca-ef986b7dd680|Portobello-Pilze gegrillt|3
ca750c9a-68e1-4c00-9cb6-ca4730b20d8a|Pralinen|3
f624c6e2-2d3a-4e17-8f5a-12e3302a8147|Preiselbeere|0
56e61d76-fe70-479c-a08c-237186891a12|Provolone|3
238fe67a-8ec7-4784-8025-f13e5c9ef179|Pudding Schokolade|3
b6bbeba9-7440-4853-8a92-0262f01bf6a6|Pudding Vanille|0
edf828a0-229f-493c-8fd0-d09b4a895ffc|Puderzucker|0
cc007641-00a9-428e-b3df-f1fb2a3b8253|Pumpernickel|1
4ed78f04-84d8-4846-8bfe-c67bb9a9603c|Pute ganz|0
17c03e88-070b-4d43-9df1-09400fd697a3|Putenaufschnitt|3
53bc705f-6ee0-4f48-bf33-4726c3eaa309|Putenbrust|0
1aa0c411-9148-4cc5-8f9e-54dfdde2dbbf|Putenbrust mit Haut|0
5c9797ac-8ba2-4e60-be33-2af9b8fbb055|Putenhack|0
eb2c814a-d6d0-4f0d-866d-a25ebd4c03c7|Putenschenkel|0
b6aeb50f-83d6-4353-a796-3be63ed45790|Quark Magerstufe|0
dc39d80f-2dfe-41dc-afec-6edcb9a1a71b|Quark Vollfett|0
c0a56c59-90b6-49ee-91b6-b45d7fda7e21|Quitte|0
dc484120-8c82-471d-8cdb-9135a655f7a2|Raclettekäse|3
bc8d1c3e-912a-4105-80e7-203a96b6b0a6|Radicchio|0
94dbddbe-b89f-4d63-a3b1-6a0c0d3f2212|Radieschen|0
5d4d6a40-0fc6-4517-8127-f8a526b7da27|Ramen Nudeln|0
e4e39d64-ae1c-4531-aa8a-8ebb795c9df4|Rapsöl|0
56b7b9c9-3efa-4a9e-b7e9-03dd2bcbb330|Reh|1
62d0a307-a7d2-48aa-8320-e3d8f9a35642|Reibekäse|0
6ee81cec-fca4-4765-931c-ea010be663e2|Reis Vollkorn|0
7fd1b996-2cd1-4848-ace4-55f8156ba117|Reis weiss gekocht|0
822088e0-08bf-4b26-b819-2c174f672465|Reis weiß|0
f8619fde-3b28-41f2-b68b-d1e8ae90f2ee|Reisessig|0
33529c26-9601-4470-bbae-748f013c78cc|Reismehl|0
1ad1a842-5dd6-4804-84e4-5adb2e949ba5|Reisnudeln|0
719ddda6-5171-439b-a268-d05456d938e2|Reissirup|0
0f182193-480e-4ce7-b494-e686fa135028|Rettich|0
b7affc86-8fed-4300-8e5d-adfdda72424a|Rhabarber|0
2a10938b-0255-412a-b0b2-52c267a61f0f|Rice-A-Roni Haehnchen|0
851a63b6-b22a-4cc5-9aec-a62e5688511b|Ricotta|0
43cf56a8-d309-415b-bbec-84cf0ae200b1|Rinderbratensosse (HEINZ)|0
8b9d261c-783f-4d42-94e8-4e8bd8e414f0|Rinderhack|1
9f5f83d9-fb3e-4112-aaba-4ca33c8bd7a9|Rinderhack mager|1
87ca660d-ec57-4809-9a30-2c5cf856e10f|Rinderleber|3
6519d6b3-1b0f-4389-a403-fa7329ec67ce|Rinderzunge|3
4db995c9-6034-4e59-bb68-3d3983f2976b|Rindfleisch Brust|0
2a2f7098-e290-4dc8-86e7-c51b0117fb20|Rindfleisch Filet|0
ec84108c-0263-4c57-b5cb-39e201bb0074|Rindfleisch Schmorbraten|0
0c369529-8684-4620-b99b-dd50a8353387|Risotto Reis|0
2e01ec46-0109-4209-b18c-08865119100c|Roggenbrot|0
aff99b02-cb07-4ce9-afb7-5587446bb298|Roggenmehl|0
ff7173ca-5f68-4094-86e3-5c17bebcb7ff|Rohrzucker|0
28da162f-3caf-4c45-97ca-f9ea2f101755|Romanesco|0
ace26f28-3616-4b3f-b283-3f3c402a335b|Roquefort|3
8b304099-2afd-4d9a-979b-0054a20b04f2|Rosenkohl|0
64556052-72ce-48a8-b2c9-7477298bc8dd|Rosine|NULL
32c6e3d9-b45d-4b4b-acbf-0edbb3d55247|Rosmarin frisch|0
231acff1-7a14-4f64-b5df-41c918e27a86|Rosmarin getrocknet|0
415f0a80-2661-4c17-ad9f-631a1aa3f544|Rote Bete|0
3cc56c2e-e1a7-40d2-9873-6f07a7b85d93|Rote Rübe|0
fce64dad-b1f0-45da-b248-aaf0ead26d59|Rote Zwiebel|0
1694f6b5-f390-4d62-a0c9-ed1fb982b9e6|Rotkohl|0
68c9bac2-d766-460f-a898-e0aebc7e28d7|Rotwein trocken|3
1f7e9a46-1cb3-4fa3-a327-462cbf27be56|Rucola|0
da3e98d3-6da4-4def-847d-7126863bd199|Rum|3
8badc83d-a015-40ee-ba26-73122d3dee1a|Römersalat|0
eab15e24-e68b-4af2-9683-14345971bed6|Rührei|0
19e36fec-0a62-477b-842d-2c48527b7a86|Safran|0
26fbbf79-b395-41bb-b56f-60ff2abd657d|Salami|3
cbac5571-4983-4945-9fc7-5405d332f078|Salatgurke|0
3e51ccc2-7196-4e50-9e48-a9beb8438e56|Salbei frisch|0
4addfca6-d6a4-4717-b101-10b1a9b125fe|Salbei getrocknet|0
b5f568ca-b973-4038-af3a-ed3296944910|Salmonbeere roh|3
2c34239c-01eb-48a5-8c6a-993dee0aeb04|Salsa|3
ac10b20f-60fa-442e-8eb4-3845c3e29a66|Salz|0
eef5a59a-12c9-4b87-84b5-e6c498fd9ad3|Sanddorn|0
7370b0e3-fd38-4e93-8a57-91b1ecc444f8|Sardelle|3
0532b14e-56b0-4d4a-9b94-91a0418ed245|Sardine|3
7a033ce9-b6d3-48c6-ba78-831b78fc4554|Sardine in Tomatensauce (Dose)|3
92ff9734-488b-41e2-946b-dbea853b8fb2|Saubohne|3
468ec49d-661c-4e9f-9edc-8a81ab0983b7|Sauerkraut|3
bf7de4a2-12f3-474f-8845-797b0f943006|Saure Sahne|0
50a25d7b-1fe1-4841-ae0e-7c8d8b414b1a|Schafskäse|0
a0eb1ba4-99d0-40e5-8414-88974e2b8a04|Schalotte|0
a95dca96-16d3-4ca0-81d4-9d78662b47da|Schellfisch|0
29c4efb1-3a7c-4306-8a13-8d1817282af8|Schinken gekocht|1
5459fe47-6f10-495e-af62-c5a011039bea|Schinken-Kaese-Laib|3
48209658-c734-465b-904a-5b0b6c9691a3|Schlagsahne|0
6386ecec-7265-43df-881e-49d823d7362c|Schmalz|1
ab8b1c9e-5448-4988-b592-7eb941f87178|Schmand|1
0b2967cd-ed25-44f3-a287-e6b7fc610f78|Schmelzkäse|3
f0409142-7861-49c7-87ad-c8a80445dd80|Schnittlauch|0
024a2569-44d7-4ba1-bcfd-7aa508f95a42|Schokoladenstückchen|3
1969acad-fd83-4068-825f-13dc5796c353|Schokoriegel|3
e7163325-5959-429e-945d-2e709a35e414|Scholle|0
68896a10-5b48-45ca-a5fc-cc16facadad0|Schwarze Bohnen|3
b3dd8100-95ec-4972-837e-aa55918e5c8f|Schwarzer Reis|0
6572a23c-a932-45e5-8cde-ac800afef54b|Schweinebauch|3
c72b11cd-189a-4c03-ad5f-3da349bcc71c|Schweinebraten|3
2749feba-183d-44d2-b4ad-f2e9092038d8|Schweinefilet|3
dbf331a5-1543-42a1-b8c1-0569308389ae|Schweinehack|3
b597feb0-c78b-4aa2-af13-0eac43ec7c53|Schweinekotelett|3
c9c94f77-41bf-4f60-bb8f-e5bb1cd1c35a|Schweineschnitzel|3
b68cfd1d-e3e7-4899-b44d-a85c58115fed|Schwertfisch|3
daa81758-d48a-4c92-bf0e-495b8b04a3a0|Seelachs|1
1aecdb0f-1ef1-4774-bd50-2c892450bb27|Seezunge|0
c41e7858-e89d-4e42-9800-6de47f5051da|Seitan|0
defce2c7-6916-42b2-8f4e-90b3c13a7d0f|Sellerieknolle|0
1c787ed5-46fa-49cc-be43-9582c8010a8e|Senf|1
e6faf60a-4155-4c09-bdb5-eeed13f8c96a|Senf Dijon|1
42d31da1-0652-4f3c-9c04-891353bd75ba|Senf süß|1
d4271313-45c3-41d1-9c0c-f2f37457c010|Senfsamen|1
f8810c5d-77a9-48b3-9a3f-8c575d409950|Sesam|0
cd4841bc-0b39-424e-9107-3fe830ada6f6|Sesamöl|0
eab908f5-5f09-4e93-83ce-cbbe9d193109|Sherry|3
22306baa-2622-4a40-80ae-3830df9e1883|Sherryessig|3
b4871796-dcdb-403c-a5af-bb1c5d21b370|Shiitake|3
26dd7fb4-5eeb-4562-a1bc-acd15b07d580|Skyr|1
8b27f840-db50-415b-abd3-e587cf458de2|Soba Nudeln|0
3b5b4ce9-79d0-4c76-a8dd-ef70ff8ca373|Soja Geschnetzeltes|3
50ec687c-6b3f-4c41-b278-9352367f3546|Sojabohnen trocken|3
042098d9-f9b3-4e61-af67-f80c4685090c|Sojagranulat|3
34c77264-0c9b-434d-9de8-b2ef6f34bca4|Sojamehl|3
44b2ac1b-b720-4cf9-b5e6-37a0f4dc0425|Sojamilch|3
19ff744d-4710-4119-8d84-2f87e6d4368e|Sojaproteinkonzentrat (Sojaschnetzel-Ersatz)|3
efcd75b7-b6b3-4679-adb2-e7bb05bd2777|Sojasauce|3
4e9a005b-ba21-4fe6-8833-16ca2f447b70|Sojaöl|3
b228a6fb-8c97-4d04-b63a-1b45e7eda293|Sonnenblumenkerne|0
e05b52dc-b9ca-4675-8e30-d299ace3738f|Sonnenblumenkernmus|0
89a9b6bf-eda1-43e2-9e31-7319c6caeea1|Sonnenblumenöl|0
3f9ed06e-32dd-485d-bb8c-60fc77b3e0f5|Sorbet|0
3079a4f8-61f8-49b1-aa07-464470320611|Spaghetti|0
f84c10bc-ccf5-4511-ba1f-e758c6e38b11|Spaghetti mit Spinat trocken|3
32f132e0-85aa-4116-8aba-1d0826c6d663|Spargel grün|0
984a4bc4-3ec2-4a9f-a923-fef144e25ef8|Spargel weiß|0
14c4d8aa-3fba-4a7f-b326-c4174a6981f9|Spargelbohne roh|3
f21ad2e7-c833-4a3b-9c12-207be3dff8f1|Speiseeis Erdbeere|3
6eb3ba91-a935-437b-8009-23d03499d6c6|Speiseeis Schokolade|3
4634cb82-141f-43a4-a26b-266c65f50328|Speiseeis Vanille|0
69a419c1-b41a-41f8-aa31-4131f922919d|Speisestärke Kartoffel|0
eb49f4bf-e490-4a4f-834c-99a657f658d4|Speisestärke Mais|0
a77250b7-efe6-4e33-998a-21f67b1ce3e6|Spinat|3
dd1ae9a5-7cc8-46ef-867e-6a36426851ff|Spitzkohl|0
73c1ebca-7de7-4021-a28f-ef6f10a055a8|Sprite|0
a195249e-ac0f-4e35-bc44-d357fa1d9e9d|Sriracha|NULL
6b90d05d-1935-402d-ab54-200508469ba4|Stachelbeere|0
bfcf3753-6488-4cfd-afe2-d322c5aad74c|Staudensellerie|0
e0593a33-75bb-4e06-8607-48b845e47117|Steckrübe|0
f7cd1ac7-a615-44fc-b396-50963fbe0f1e|Steinpilz|3
5edd8bd3-82e9-453b-ae3b-5a9c2e1eb17b|Sternanis|0
c0efee64-600e-4c77-b70d-8acc33dd49aa|Stevia|0
336213d3-a9bf-4624-9157-7f0f2ea22634|Sumach|NULL
01929eb5-b1a8-4bd0-b764-173e660798b3|Sushi Reis|3
714b626e-99ca-4304-b722-42afa328707f|Süßkartoffel|0
f754d693-5c5b-49d8-b60c-945d97f5b129|Tabasco|3
c9e1f191-6871-4bd7-8788-ca28585124cc|Tagliatelle|0
e04a2e0c-a59b-438b-8f8a-78e17c19e726|Tahini|0
18c50e5b-9620-4665-a0c0-7fe237152a4f|Tamari|3
570aa4be-be85-4003-90c2-71b7a474c1de|Tee Kamille|1
c59fbfb2-8c4c-4383-b5f2-4704a9f75566|Tee Pfefferminz|1
83f67ad2-d3db-43e2-8a72-bd77ea92cf50|Tee Rooibos|1
72e41a0e-5c5c-484b-b630-33088384172a|Tee grün|1
88f7093f-9471-45cc-bbdb-b217ecef2d5a|Tee schwarz|1
c97dee7e-a953-4eb6-a85e-a85d46d9cccd|Tempeh|3
326bc203-cf10-462d-9abd-481f37e8920f|Teriyaki Sauce|3
295ad163-1f37-4bd8-b372-c9373ea5ec79|Thunfisch Dose|3
78bd1772-f4f8-4ac5-8136-3690de431554|Thunfisch frisch|3
9d3c2601-0cc7-4991-bff1-d7ca68fed939|Thymian frisch|0
e6d7f7bd-adb3-42d2-884c-c08c70142544|Thymian getrocknet|0
e7d5f906-56a6-4a03-ae03-8a0b4c879a08|Tilapia|0
9152a410-afd9-46d1-924a-ca60f2a34ae4|Tilsiter|3
5d68ef3b-ca52-4aca-89b1-a38d3b65932f|Tintenfisch|3
47165e66-9bd7-4ff4-b104-b78ef6957c75|Toastbrot|0
980689b7-8c4d-4ffc-9475-e7b96ecf385f|Tofu fest|3
295d9996-5fc9-4d65-992a-0ca49201bc47|Tofu geräuchert|3
b551ae32-2ebe-483c-a6cf-12a2359fef0f|Tofu seiden|3
0262d628-d5e4-4041-94ad-869c66b361d2|Tomate|3
b3632386-c0d6-4db7-865b-989c3502603d|Tomaten gehackt Dose|3
00449190-ffa7-4ace-a05b-550a53b6c92f|Tomatenmark|3
ad767191-4ce6-4284-bac8-f62438d2c283|Tomatensaft|3
f0c69f81-9f9f-4384-bdf2-46300e3194f7|Tonic Water|0
dc2f2312-1992-488f-9274-5fa6c1c4ea43|Topinambur|0
aee7249c-326b-4d75-9e7a-66ae03c00517|Tortellini|0
873cdd0d-9119-4177-9095-ab2e8e4a7cca|Tortilla Mais|0
2643d12a-712f-4385-9ae3-9c4e5ec5517c|Tortilla Weizen|0
7d4f0d58-9c57-4afe-ac97-805f11f3a5eb|Traubenkernöl|0
20f7d54f-07a4-4b6a-9334-9e753ae5d2da|Traubensaft|0
aa313699-c0c9-4567-8fd0-958e7dad5870|Trüffel|3
fb71850b-3115-41a0-abba-f12f9b4e6df2|Türkischer Honig|0
0deeb559-ed11-4ee1-be37-0d49460d2d57|Vanilleextrakt|0
cf8c7f94-b8f2-47af-99ea-270e7a461e87|Vegane Wurst|3
def7a258-44e1-4e19-90e8-e1686b23fdab|Veganer Aufschnitt|3
e7eea05c-da16-48af-8177-a4fc817475bc|Veggie Burger|NULL
e76f9b3b-f270-4963-88cb-724b2686d3b0|Veggie-Haehnchenhack|0
d6e44e95-a910-465b-b43c-7cc3a74e9948|Vollkornbrot|0
00d41d83-6353-43f0-8641-7cd28e06ed9a|Vollkornbrötchen|0
51aea877-f136-4b66-8baa-8ca6b980507c|Vollmilch|0
5fad2023-c648-4020-955b-3d7a9dab04f8|Vollmilchschokolade|3
ce80a7ff-dc07-43af-9640-58390559b499|Wacholderbeeren|0
6d41121a-96cb-427d-b33b-1a0c44184e36|Wachsbohne|3
a53679a1-5e83-4b04-8f64-a471cc4af828|Wachtel|0
df51599d-5858-4b39-be9f-02e07c511470|Wachtelei|0
b9d70529-d944-4008-a4be-97b27523c3aa|Walnussöl|3
63d5c32d-c78c-47ee-a5fd-a2051dd15eef|Walnüsse|3
09b5b03e-65c6-4c33-8a10-99d9929a3494|Wasser|0
89d323d0-9fb9-40df-bed9-1a3d98e5b30d|Wasserkresse|0
c27e4e65-d977-492a-8247-bee300f93cd3|Wassermelone|0
a2951c69-b827-412a-8b47-be466ea88391|Weinstein (Cream of Tartar)|3
95f99aa5-756f-498e-af16-f736bf6f5e7f|Weintraube grün|3
7d41474f-6b6f-4505-936c-529338099c35|Weintraube rot|3
5ec5ca20-becc-440d-ae1d-7041b1b10577|Weizenkeime|1
df67d4f7-8bc1-49c8-ad9a-2a57cc491bbd|Weizenkleie|0
cc9ac9d2-8c70-412c-84e0-3bb6e75dff02|Weizenmehl Type 405|0
47992bda-c179-4445-b02e-6dee5b405b1e|Weizenmehl Vollkorn|0
82c0e7f0-14d8-4f14-b58c-4caad342c06c|Weißbrot|0
3fac72a2-560f-487f-9cb2-eda73a2a6456|Weiße Bohnen|3
8e113b3d-5d62-4957-b9eb-7cc64b9e33ce|Weiße Schokolade|3
76bc867a-1e2e-4818-956e-52c60470efd4|Weißkohl|0
2ed48d0b-098c-4eeb-b38b-7b965a85f92d|Weißwein trocken|3
2bbb2f93-5326-4482-ac26-1728c84a11e5|Wels|0
2ca03939-8f40-4519-b53c-a923a9293574|Whisky|3
2ca01fa1-f8df-424d-b634-c66636dd0ab9|Wiener Würstchen|3
967fb467-0f69-4536-bb78-285b0c06c1c4|Wildlachs|1
71a230eb-549c-4970-ad50-529a1681a142|Wildreis|1
9c329abb-0f4a-4884-8de3-719d3d7df283|Wildschwein|3
d4e01ff4-9806-499f-b82c-8b35af3a66b6|Wirsing|0
e5a38f75-9235-418e-94dd-a8c16274c6b0|Wodka|3
42387052-673a-4b37-b020-ad5209fbdd5e|Wolfsbarsch|0
5cf07c87-7f91-4283-ab7d-12b7058c3371|Worcestershiresauce|3
590e809a-3ba3-412a-93f8-fe8d96e5b7d1|Xylit|0
31940754-1f1d-4ee9-8b0c-3a16e67f5b06|Yamswurzel|0
5800ea88-ed03-4270-abbd-40ccf2741321|Za'atar|0
b6dccafa-d97d-4e28-9083-ecb1693defbf|Zander|0
2aba506e-f69e-4dfb-ae49-0ba5d6634afa|Zartbitterschokolade|3
ce9ae3b2-1cbc-4e0d-baef-27dffcdfa18b|Ziegenkäse hart|0
0d70507a-fff2-4c03-ab78-87ea163633d2|Ziegenkäse weich|0
ecba27d9-60b7-4518-b74b-f26fd391ed19|Zimt gemahlen|0
30e91a4f-273d-4774-ba5b-cada3d3fc5ff|Zimtstange|0
983cf790-123f-40ca-9f32-8707aa0edf3a|Zitrone|3
80e7c95b-2b48-4bb5-b6bd-27cbd3bf3b92|Zitronenmelisse|3
88306d6e-ed7d-4201-9e6a-352446fd6b44|Zucchini|0
4a05d640-185a-4c36-a415-1f09a31aceb3|Zucker braun|0
c5af475f-0115-473b-bcbf-5dd75fc1a834|Zucker weiß|0
465015f9-3cc0-46b3-b868-16d803b287f0|Zuckerschote|0
d434fbc0-e8fd-458a-b134-e213b883ddd0|Zuckersirup|0
a3e41ac2-d434-4704-ae3f-3d2d9f2bf9d1|Zwieback|0
685b5259-73b4-47ee-8312-e0c2e64beea7|Zwiebel|0
b5f99901-a848-42d8-83e5-b6830d74feee|Zwiebelpulver|0
