dedupe_id;sighi_idx;sighi_keyword;sighi_score;sighi_category;sighi_source_ref;duplicate_of_id
1;0;Eier, Hühnerei, Vollei;1;Eier;SIGHI_FoodList_2024-08-29_p4_r15;
2;1;Eigelb, Eidotter;0;Eier;SIGHI_FoodList_2024-08-29_p4_r17;
3;2;Eiklar, Eiweiß;1;Eier;SIGHI_FoodList_2024-08-29_p4_r18;
4;3;Eiweiss, Eiweiß, Eiklar;1;Eier;SIGHI_FoodList_2024-08-29_p4_r19;
5;4;Wachteleier;0;Eier;SIGHI_FoodList_2024-08-29_p4_r20;
6;5;Blauschimmelkäse;2;Milchprodukte;SIGHI_FoodList_2024-08-29_p4_r22;
7;6;Butter: Sauerrahmbutter, mildgesäuerte Butter;1;Milchprodukte;SIGHI_FoodList_2024-08-29_p4_r23;
8;7;Butter: Süßrahmbutter, Süssrahmbutter;0;Milchprodukte;SIGHI_FoodList_2024-08-29_p4_r25;
9;8;Butterkäse;0;Milchprodukte;SIGHI_FoodList_2024-08-29_p4_r27;
10;9;Buttermilch, angesäuert;1;Milchprodukte;SIGHI_FoodList_2024-08-29_p4_r28;
11;10;Camembert;2;Milchprodukte;SIGHI_FoodList_2024-08-29_p4_r29;
12;11;Cheddar Käse;2;Milchprodukte;SIGHI_FoodList_2024-08-29_p4_r30;
13;12;crème fraïche;1;Milchprodukte;SIGHI_FoodList_2024-08-29_p4_r31;
14;13;Edelschimmelkäse;2;Milchprodukte;SIGHI_FoodList_2024-08-29_p4_r32;
15;14;Feta, Feta-Käse;1;Milchprodukte;SIGHI_FoodList_2024-08-29_p4_r33;
16;15;Fontina Käse;2;Milchprodukte;SIGHI_FoodList_2024-08-29_p4_r34;
17;16;Frischkäse;0;Milchprodukte;SIGHI_FoodList_2024-08-29_p4_r35;
18;17;Geheimratskäse;0;Milchprodukte;SIGHI_FoodList_2024-08-29_p4_r36;
19;18;Ghee;1;Milchprodukte;SIGHI_FoodList_2024-08-29_p4_r37;
20;19;Gouda Käse, gereift;2;Milchprodukte;SIGHI_FoodList_2024-08-29_p4_r39;
21;20;Gouda Käse, jung;0;Milchprodukte;SIGHI_FoodList_2024-08-29_p4_r40;
22;21;Haltbarmilch, H-Milch, UHT-Milch, Up-Milch;0;Milchprodukte;SIGHI_FoodList_2024-08-29_p4_r41;
23;22;Joghurt nature;1;Milchprodukte;SIGHI_FoodList_2024-08-29_p4_r43;
24;23;Käse: lange gereifte Sorten und Hartkäse (z.B.;3;Milchprodukte;SIGHI_FoodList_2024-08-29_p4_r44;
25;24;Käsezubereitungen (=Mischungen mit weiteren;2;Milchprodukte;SIGHI_FoodList_2024-08-29_p4_r46;
26;25;Kefir;1;Milchprodukte;SIGHI_FoodList_2024-08-29_p4_r48;
27;26;Mascarpone Käse;0;Milchprodukte;SIGHI_FoodList_2024-08-29_p4_r49;
28;27;Milch, laktosefrei;1;Milchprodukte;SIGHI_FoodList_2024-08-29_p4_r50;
29;28;Milch, pasteurisiert (PAST-Milch);0;Milchprodukte;SIGHI_FoodList_2024-08-29_p4_r52;
30;29;Milchpulver;1;Milchprodukte;SIGHI_FoodList_2024-08-29_p4_r54;
31;30;Molke: Sauermolke;0;Milchprodukte;SIGHI_FoodList_2024-08-29_p4_r55;
32;31;Molke: Süßmolke, Süssmolke, Labmolke;0;Milchprodukte;SIGHI_FoodList_2024-08-29_p4_r56;
33;32;Mozzarella Käse;0;Milchprodukte;SIGHI_FoodList_2024-08-29_p5_r13;
34;33;Obers, Sahne (wenn ohne Zusatzstoffe);0;Milchprodukte;SIGHI_FoodList_2024-08-29_p5_r14;
35;34;Quark;0;Milchprodukte;SIGHI_FoodList_2024-08-29_p5_r17;
36;35;Raclette Käse;2;Milchprodukte;SIGHI_FoodList_2024-08-29_p5_r18;
37;36;Rahm, süß (wenn ohne Zusatzstoffe);0;Milchprodukte;SIGHI_FoodList_2024-08-29_p5_r19;
38;37;Ricotta Käse;0;Milchprodukte;SIGHI_FoodList_2024-08-29_p5_r22;
39;38;Rohmilch;0;Milchprodukte;SIGHI_FoodList_2024-08-29_p5_r23;
40;39;Rohmilchkäse;2;Milchprodukte;SIGHI_FoodList_2024-08-29_p5_r25;
41;40;Rohmilchprodukte;2;Milchprodukte;SIGHI_FoodList_2024-08-29_p5_r27;
42;41;Roquefort Käse;2;Milchprodukte;SIGHI_FoodList_2024-08-29_p5_r28;
43;42;Sahne, süß (wenn ohne Zusatzstoffe);0;Milchprodukte;SIGHI_FoodList_2024-08-29_p5_r29;
44;43;Sauerrahm;1;Milchprodukte;SIGHI_FoodList_2024-08-29_p5_r32;
45;44;saure Sahne;1;Milchprodukte;SIGHI_FoodList_2024-08-29_p5_r33;
46;45;Schafmilch, Schafsmilch;0;Milchprodukte;SIGHI_FoodList_2024-08-29_p5_r34;
47;46;Schimmelkäse;2;Milchprodukte;SIGHI_FoodList_2024-08-29_p5_r35;
48;47;Schlagobers, Schlagsahne (wenn ohne Zusatzstoffe);0;Milchprodukte;SIGHI_FoodList_2024-08-29_p5_r36;
49;48;Schmelzkäse;2;Milchprodukte;SIGHI_FoodList_2024-08-29_p5_r39;
50;49;Süssrahm, Süßrahm (wenn ohne Zusatzstoffe);0;Milchprodukte;SIGHI_FoodList_2024-08-29_p5_r40;
51;50;Topfen;0;Milchprodukte;SIGHI_FoodList_2024-08-29_p5_r43;
52;51;UHT-Milch, Up-Milch, H-Milch, Haltbarmilch;0;Milchprodukte;SIGHI_FoodList_2024-08-29_p5_r44;22
53;52;Ziegenmilch;0;Milchprodukte;SIGHI_FoodList_2024-08-29_p5_r46;
54;53;Dörrfleisch, Trockenfleisch;3;Fleisch;SIGHI_FoodList_2024-08-29_p5_r48;
55;54;Ente, Entenfleisch;0;Fleisch;SIGHI_FoodList_2024-08-29_p5_r49;
56;55;Faschiertes (=Hackfleisch), bei Verzehr unmittelbar;0;Fleisch;SIGHI_FoodList_2024-08-29_p5_r50;
57;56;Faschiertes (=Hackfleisch), Offenverkauf oder unter;2;Fleisch;SIGHI_FoodList_2024-08-29_p5_r52;
58;57;Geflügelfleisch;0;Fleisch;SIGHI_FoodList_2024-08-29_p5_r54;
59;58;geräucherter Fisch, Räucherfisch;3;Fleisch;SIGHI_FoodList_2024-08-29_p5_r55;
60;59;Geselchtes, Rauchfleisch;3;Fleisch;SIGHI_FoodList_2024-08-29_p5_r56;
61;60;Hackfleisch, bei Verzehr unmittelbar nach;0;Fleisch;SIGHI_FoodList_2024-08-29_p5_r57;
62;61;Hackfleisch, Offenverkauf oder unter;2;Fleisch;SIGHI_FoodList_2024-08-29_p5_r59;
63;62;Hähnchen;0;Fleisch;SIGHI_FoodList_2024-08-29_p6_r13;
64;63;Hendl, Hühnchen;0;Fleisch;SIGHI_FoodList_2024-08-29_p6_r14;
65;64;Huhn;0;Fleisch;SIGHI_FoodList_2024-08-29_p6_r15;
66;65;Innereien;2;Fleisch;SIGHI_FoodList_2024-08-29_p6_r16;
67;66;Kalbfleisch, frisch;0;Fleisch;SIGHI_FoodList_2024-08-29_p6_r17;
68;67;Poulet;0;Fleisch;SIGHI_FoodList_2024-08-29_p6_r18;
69;68;Pute;0;Fleisch;SIGHI_FoodList_2024-08-29_p6_r19;
70;69;Räucherfisch, geräucherter Fisch;3;Fleisch;SIGHI_FoodList_2024-08-29_p6_r20;59
71;70;Rauchfleisch, Räucherfleisch, geräuchertes Fleisch;3;Fleisch;SIGHI_FoodList_2024-08-29_p6_r21;
72;71;Rindfleisch, frisch;0;Fleisch;SIGHI_FoodList_2024-08-29_p6_r22;
73;72;Rohschinken;3;Fleisch;SIGHI_FoodList_2024-08-29_p6_r23;
74;73;Salami;3;Fleisch;SIGHI_FoodList_2024-08-29_p6_r24;
75;74;Schweinefleisch, frisch, unbehandelt;1;Fleisch;SIGHI_FoodList_2024-08-29_p6_r25;
76;75;Selchfleisch, Rauchfleisch;3;Fleisch;SIGHI_FoodList_2024-08-29_p6_r27;
77;76;Strauss, Strauß, Straußenfleisch;0;Fleisch;SIGHI_FoodList_2024-08-29_p6_r28;
78;77;Trockenfleisch;3;Fleisch;SIGHI_FoodList_2024-08-29_p6_r29;
79;78;Trute, Pute;0;Fleisch;SIGHI_FoodList_2024-08-29_p6_r30;
80;79;Wachtel;0;Fleisch;SIGHI_FoodList_2024-08-29_p6_r31;
81;80;Wildbret;1;Fleisch;SIGHI_FoodList_2024-08-29_p6_r32;
82;81;Wildfleisch;1;Fleisch;SIGHI_FoodList_2024-08-29_p6_r33;
83;82;Wurstwaren;2;Fleisch;SIGHI_FoodList_2024-08-29_p6_r34;
84;83;Zunge, Rindszunge, Kalbszunge;0;Fleisch;SIGHI_FoodList_2024-08-29_p6_r35;
85;84;Anchovis, Sardellen-Konserven;3;Fisch;SIGHI_FoodList_2024-08-29_p6_r39;
86;85;"Fisch, ""Frischfisch"" vom Kühlregal / auf Eis";3;Fisch;SIGHI_FoodList_2024-08-29_p6_r40;
87;86;Fisch, fangfrisch oder tiefgekühlt;0;Fisch;SIGHI_FoodList_2024-08-29_p6_r41;
88;87;Forellen (Süsswasser): Seeforelle, Bachforelle,;0;Fisch;SIGHI_FoodList_2024-08-29_p6_r42;
89;88;Lachs geräuchert, Räucherlachs;2;Fisch;SIGHI_FoodList_2024-08-29_p6_r44;
90;89;Räucherlachs, Lachs geräuchert;2;Fisch;SIGHI_FoodList_2024-08-29_p6_r45;89
91;90;Sardellen-Konserven, Sardellenpaste, Anchovis;3;Fisch;SIGHI_FoodList_2024-08-29_p6_r46;
92;91;Thunfisch;3;Fisch;SIGHI_FoodList_2024-08-29_p6_r47;
93;92;Austern;2;Meeresfrüchte;SIGHI_FoodList_2024-08-29_p6_r49;
94;93;Crevetten;2;Meeresfrüchte;SIGHI_FoodList_2024-08-29_p6_r50;
95;94;Garnelen;2;Meeresfrüchte;SIGHI_FoodList_2024-08-29_p6_r51;
96;95;Hummer;2;Meeresfrüchte;SIGHI_FoodList_2024-08-29_p6_r52;
97;96;Krabben;2;Meeresfrüchte;SIGHI_FoodList_2024-08-29_p6_r53;
98;97;Krebse;2;Meeresfrüchte;SIGHI_FoodList_2024-08-29_p6_r54;
99;98;Krevetten;2;Meeresfrüchte;SIGHI_FoodList_2024-08-29_p7_r13;
100;99;Krustentiere und Schalentiere;2;Meeresfrüchte;SIGHI_FoodList_2024-08-29_p7_r14;
101;100;Langusten;2;Meeresfrüchte;SIGHI_FoodList_2024-08-29_p7_r16;
102;101;Meeresfrüchte (=wirbellose Meerestiere);2;Meeresfrüchte;SIGHI_FoodList_2024-08-29_p7_r17;
103;102;Muscheln (Miesmuschel, Austern, Venusmuschel,;2;Meeresfrüchte;SIGHI_FoodList_2024-08-29_p7_r18;
104;103;Schmalz: Schweineschmalz;0;Meeresfrüchte;SIGHI_FoodList_2024-08-29_p7_r21;
105;104;Amarant;0;Pflanzlich;SIGHI_FoodList_2024-08-29_p7_r24;
106;105;Backwaren;1;Pflanzlich;SIGHI_FoodList_2024-08-29_p7_r29;
107;106;Brot;1;Pflanzlich;SIGHI_FoodList_2024-08-29_p7_r31;
108;107;Buchweizen: Echter Buchweizen, Gemeiner;2;Pflanzlich;SIGHI_FoodList_2024-08-29_p7_r34;
109;108;Bulgur, Boulghour, Bulghur;1;Pflanzlich;SIGHI_FoodList_2024-08-29_p7_r36;
110;109;Cornflakes (ohne unverträgliche Zutaten wie Malz;0;Pflanzlich;SIGHI_FoodList_2024-08-29_p7_r37;
111;110;Dinkel;0;Pflanzlich;SIGHI_FoodList_2024-08-29_p7_r39;
112;111;Edelkastanien, frisch oder tiefgekühlt;0;Pflanzlich;SIGHI_FoodList_2024-08-29_p7_r41;
113;112;Einkorn, Blicken, Kleiner Spelz;0;Pflanzlich;SIGHI_FoodList_2024-08-29_p7_r42;
114;113;Emmer, Zweikorn;0;Pflanzlich;SIGHI_FoodList_2024-08-29_p7_r43;
115;114;Erdäpfel, frisch geerntet, mit Schale;0;Pflanzlich;SIGHI_FoodList_2024-08-29_p7_r44;
116;115;Erdäpfel, gelagert, geschält;0;Pflanzlich;SIGHI_FoodList_2024-08-29_p7_r45;
117;116;Erdäpfel, gelagert, mit Schale;0;Pflanzlich;SIGHI_FoodList_2024-08-29_p7_r46;
118;117;Esskastanien, frisch oder tiefgekühlt;0;Pflanzlich;SIGHI_FoodList_2024-08-29_p7_r48;
119;118;Gerste;1;Pflanzlich;SIGHI_FoodList_2024-08-29_p7_r49;
120;119;Gerstenmalz, Malz, Malzextrakt;2;Pflanzlich;SIGHI_FoodList_2024-08-29_p7_r50;
121;120;Grünkern, Grünkorn;0;Pflanzlich;SIGHI_FoodList_2024-08-29_p7_r51;
122;121;Hafer, Haferflocken, Hafermehl;0;Pflanzlich;SIGHI_FoodList_2024-08-29_p7_r52;
123;122;Hanfproteinpulver;0;Pflanzlich;SIGHI_FoodList_2024-08-29_p7_r53;
124;123;Hanfsamen (Cannabis sativa);0;Pflanzlich;SIGHI_FoodList_2024-08-29_p7_r55;
125;124;Hirse;0;Pflanzlich;SIGHI_FoodList_2024-08-29_p7_r57;
126;125;KAMUT®, Khorasan-Weizen;0;Pflanzlich;SIGHI_FoodList_2024-08-29_p8_r13;
127;126;Kartoffel, frisch geerntet, mit Schale;0;Pflanzlich;SIGHI_FoodList_2024-08-29_p8_r15;
128;127;Kartoffel, gelagert, geschält;0;Pflanzlich;SIGHI_FoodList_2024-08-29_p8_r16;
129;128;Kartoffel, gelagert, mit Schale;0;Pflanzlich;SIGHI_FoodList_2024-08-29_p8_r17;
130;129;Khorasan-Weizen, KAMUT®;0;Pflanzlich;SIGHI_FoodList_2024-08-29_p8_r19;126
131;130;Kukuruz, getrocknet: Maisgriess, Maisgrieß,;0;Pflanzlich;SIGHI_FoodList_2024-08-29_p8_r21;
132;131;Kukuruz: Mais aus der Dose, Dosenmais;0;Pflanzlich;SIGHI_FoodList_2024-08-29_p8_r23;
133;132;Kukuruz: Maiskörner, Maiskolben frisch/pasteurisiert;0;Pflanzlich;SIGHI_FoodList_2024-08-29_p8_r25;
134;133;Mais aus der Dose, Dosenmais;0;Pflanzlich;SIGHI_FoodList_2024-08-29_p8_r26;
135;134;Mais, getrocknet: Maisgriess, Maisgrieß, Maismehl,;0;Pflanzlich;SIGHI_FoodList_2024-08-29_p8_r28;
136;135;Mais: Maiskörner, Maiskolben frisch/pasteurisiert;0;Pflanzlich;SIGHI_FoodList_2024-08-29_p8_r30;
137;136;Maltodextrin;0;Pflanzlich;SIGHI_FoodList_2024-08-29_p8_r31;
138;137;Malz, Malzextrakt, Gerstenmalz;2;Pflanzlich;SIGHI_FoodList_2024-08-29_p8_r32;120
139;139;Maroni, Marroni, Maronen, frisch oder tiefgekühlt;0;Pflanzlich;SIGHI_FoodList_2024-08-29_p8_r35;
140;140;Perlsago, Sagostärke;0;Pflanzlich;SIGHI_FoodList_2024-08-29_p8_r36;
141;141;Quinoa;0;Pflanzlich;SIGHI_FoodList_2024-08-29_p8_r37;
142;142;Reis;0;Pflanzlich;SIGHI_FoodList_2024-08-29_p8_r38;
143;143;Reisnudeln;0;Pflanzlich;SIGHI_FoodList_2024-08-29_p8_r39;
144;144;Reiswaffeln, Reis-Mais-Waffeln;0;Pflanzlich;SIGHI_FoodList_2024-08-29_p8_r41;
145;145;Rice Crispies;0;Pflanzlich;SIGHI_FoodList_2024-08-29_p8_r42;
146;146;Roggen;1;Pflanzlich;SIGHI_FoodList_2024-08-29_p8_r43;
147;147;Sago, Sagostärke;0;Pflanzlich;SIGHI_FoodList_2024-08-29_p8_r44;
148;148;Sonnenblumenkerne;2;Pflanzlich;SIGHI_FoodList_2024-08-29_p8_r45;
149;149;Süsskartoffel, Süßkartoffel;0;Pflanzlich;SIGHI_FoodList_2024-08-29_p8_r46;
150;150;Tapioka, Tapiokastärke;0;Pflanzlich;SIGHI_FoodList_2024-08-29_p8_r47;
151;151;Weizen;1;Pflanzlich;SIGHI_FoodList_2024-08-29_p8_r48;
152;152;Weizenkeime;2;Pflanzlich;SIGHI_FoodList_2024-08-29_p8_r50;
153;153;Wildreis, Wasserreis (Zizania);0;Pflanzlich;SIGHI_FoodList_2024-08-29_p8_r51;
154;154;Baumnuss;3;Nüsse;SIGHI_FoodList_2024-08-29_p8_r53;
155;155;Cashew-Kerne, Cashewnüsse, Cashewnuss;1;Nüsse;SIGHI_FoodList_2024-08-29_p9_r13;
156;156;Erdmandel, geröstet;2;Nüsse;SIGHI_FoodList_2024-08-29_p9_r14;
157;157;Erdmandel, Tigernuss (Cyperus esculentus);0;Nüsse;SIGHI_FoodList_2024-08-29_p9_r16;
158;158;Erdnüsse, Erdnuss;2;Nüsse;SIGHI_FoodList_2024-08-29_p9_r18;
159;159;Haselnuss, Haselnüsse;1;Nüsse;SIGHI_FoodList_2024-08-29_p9_r19;
160;160;Macadamia-Nuss;0;Nüsse;SIGHI_FoodList_2024-08-29_p9_r20;
161;161;Mandeln;1;Nüsse;SIGHI_FoodList_2024-08-29_p9_r21;
162;162;Paranuss;0;Nüsse;SIGHI_FoodList_2024-08-29_p9_r23;
163;163;Pekannuss, Pecannuss;0;Nüsse;SIGHI_FoodList_2024-08-29_p9_r24;
164;164;Pinienkerne;1;Nüsse;SIGHI_FoodList_2024-08-29_p9_r25;
165;165;Pistazie;0;Nüsse;SIGHI_FoodList_2024-08-29_p9_r26;
166;166;Spanische Nüssli (=Erdnuss);2;Nüsse;SIGHI_FoodList_2024-08-29_p9_r27;
167;167;Tigernuss, Erdmandel (Cyperus esculentus);0;Nüsse;SIGHI_FoodList_2024-08-29_p9_r28;157
168;168;Walnuss;3;Nüsse;SIGHI_FoodList_2024-08-29_p9_r30;
169;169;Baumnussöl;2;Fette;SIGHI_FoodList_2024-08-29_p9_r32;
170;170;Distelöl, Färberdistelöl, Safloröl;0;Fette;SIGHI_FoodList_2024-08-29_p9_r33;
171;171;Kokosfett, Kokosöl, Kokosnussfett, Kokosnussöl;0;Fette;SIGHI_FoodList_2024-08-29_p9_r34;
172;172;Kokosöl, Kokosfett;0;Fette;SIGHI_FoodList_2024-08-29_p9_r35;
173;173;Kürbiskernöl;0;Fette;SIGHI_FoodList_2024-08-29_p9_r36;
174;174;Leinöl, Leinsamenöl;0;Fette;SIGHI_FoodList_2024-08-29_p9_r40;
175;175;Maiskeimöl, Maisöl;0;Fette;SIGHI_FoodList_2024-08-29_p9_r41;
176;176;Margarine (wenn ohne unverträgliche Zusatzstoffe);0;Fette;SIGHI_FoodList_2024-08-29_p9_r42;
177;177;Nachtkerzenöl (Oenothera biennis);0;Fette;SIGHI_FoodList_2024-08-29_p9_r43;
178;178;Olivenöl;0;Fette;SIGHI_FoodList_2024-08-29_p9_r44;
179;179;Palmfett, Palmöl;0;Fette;SIGHI_FoodList_2024-08-29_p9_r45;
180;180;Palmöl, Palmfett, Palmkernöl;0;Fette;SIGHI_FoodList_2024-08-29_p9_r47;
181;181;Rapsöl;0;Fette;SIGHI_FoodList_2024-08-29_p9_r49;
182;182;Safloröl, Distelöl, Färberdistelöl;0;Fette;SIGHI_FoodList_2024-08-29_p9_r50;170
183;183;Schwarzkümmelöl (Nigella sativa);0;Fette;SIGHI_FoodList_2024-08-29_p9_r51;
184;184;Sojaöl;1;Fette;SIGHI_FoodList_2024-08-29_p9_r52;
185;185;Sonnenblumenöl;0;Fette;SIGHI_FoodList_2024-08-29_p9_r53;
186;186;Walnussöl;2;Fette;SIGHI_FoodList_2024-08-29_p9_r55;
187;187;Ackerbohne (Vicia faba);2;Gemüse;SIGHI_FoodList_2024-08-29_p9_r57;
188;188;Ackersalat;0;Gemüse;SIGHI_FoodList_2024-08-29_p10_r13;
189;189;Artischocke;0;Gemüse;SIGHI_FoodList_2024-08-29_p10_r14;
190;190;Arugula, Rucola;2;Gemüse;SIGHI_FoodList_2024-08-29_p10_r15;
191;191;Aubergine;2;Gemüse;SIGHI_FoodList_2024-08-29_p10_r16;
192;192;Avocado;2;Gemüse;SIGHI_FoodList_2024-08-29_p10_r17;
193;194;Blattsalate;0;Gemüse;SIGHI_FoodList_2024-08-29_p10_r19;
194;195;Blattsellerie, Schnittsellerie;0;Gemüse;SIGHI_FoodList_2024-08-29_p10_r20;
195;196;Blaukabis, Blaukraut, Rotkohl;0;Gemüse;SIGHI_FoodList_2024-08-29_p10_r21;
196;197;Bleichsellerie, Staudensellerie;0;Gemüse;SIGHI_FoodList_2024-08-29_p10_r22;
197;198;Blumenkohl;0;Gemüse;SIGHI_FoodList_2024-08-29_p10_r23;
198;199;Bohnen allgemein, diverse Arten;2;Gemüse;SIGHI_FoodList_2024-08-29_p10_r24;
199;200;Bohnen: Borlotti-Bohnen;2;Gemüse;SIGHI_FoodList_2024-08-29_p10_r26;
200;201;Bohnen: Buschbohnen, Grüne Bohnen;1;Gemüse;SIGHI_FoodList_2024-08-29_p10_r27;
201;202;Braunkohl, Grünkohl, Krauskohl, Federkohl;1;Gemüse;SIGHI_FoodList_2024-08-29_p10_r28;
202;203;Brennnessel;2;Gemüse;SIGHI_FoodList_2024-08-29_p10_r29;
203;204;Broccoli, Brokkoli;0;Gemüse;SIGHI_FoodList_2024-08-29_p10_r30;
204;205;Brüsseler Kohl, Rosenkohl;1;Gemüse;SIGHI_FoodList_2024-08-29_p10_r31;
205;206;Buschbohnen, Grüne Bohnen;1;Gemüse;SIGHI_FoodList_2024-08-29_p10_r32;
206;208;Chicorée (Cichorium intybus);0;Gemüse;SIGHI_FoodList_2024-08-29_p10_r34;
207;209;Chilisauce, scharf, fermentiert;2;Gemüse;SIGHI_FoodList_2024-08-29_p10_r35;
208;210;Chilischoten, scharf, frisch;1;Gemüse;SIGHI_FoodList_2024-08-29_p10_r36;
209;211;Chinakohl;0;Gemüse;SIGHI_FoodList_2024-08-29_p10_r37;
210;212;Chinesischer Senfkohl, Chinesischer Blätterkohl, Pak;0;Gemüse;SIGHI_FoodList_2024-08-29_p10_r38;
211;213;Cornichons, eingelegt;2;Gemüse;SIGHI_FoodList_2024-08-29_p10_r40;
212;214;Eierfrucht, Eierpflanze, Aubergine;2;Gemüse;SIGHI_FoodList_2024-08-29_p10_r43;
213;215;Eisbergsalat;0;Gemüse;SIGHI_FoodList_2024-08-29_p10_r44;
214;216;Endiviensalat, Endivie (Cichorium endivia);0;Gemüse;SIGHI_FoodList_2024-08-29_p10_r45;
215;217;Erbsen: Gartenerbsen;1;Gemüse;SIGHI_FoodList_2024-08-29_p10_r46;
216;218;Essiggemüse;2;Gemüse;SIGHI_FoodList_2024-08-29_p10_r47;
217;219;Essiggurken, eingelegt;2;Gemüse;SIGHI_FoodList_2024-08-29_p10_r50;
218;220;Favabohne (Vicia faba);2;Gemüse;SIGHI_FoodList_2024-08-29_p10_r53;
219;221;Feldsalat;0;Gemüse;SIGHI_FoodList_2024-08-29_p10_r54;
220;222;Fenchel;0;Gemüse;SIGHI_FoodList_2024-08-29_p10_r55;
221;223;Fisolen, Buschbohne (Phaseolus vulgaris var. nanus);1;Gemüse;SIGHI_FoodList_2024-08-29_p10_r56;
222;224;Gartenerbsen (Pisum sativum = Lathyrus oleraceus);1;Gemüse;SIGHI_FoodList_2024-08-29_p11_r13;
223;226;Garten-Senfrauke, Rucola;2;Gemüse;SIGHI_FoodList_2024-08-29_p11_r15;
224;227;Gemüse-Eibisch, Okra;1;Gemüse;SIGHI_FoodList_2024-08-29_p11_r16;
225;228;Gewürzgurken, eingelegt;2;Gemüse;SIGHI_FoodList_2024-08-29_p11_r17;
226;229;Grünkohl, Braunkohl, Krauskohl, Federkohl;1;Gemüse;SIGHI_FoodList_2024-08-29_p11_r20;201
227;230;Gurken: Gartengurke, Salatgurke, Kukumer;0;Gemüse;SIGHI_FoodList_2024-08-29_p11_r21;
228;231;Herbstrübe;1;Gemüse;SIGHI_FoodList_2024-08-29_p11_r22;
229;232;Hülsenfrüchte (Soja, Bohnen, Erbsen, Linsen, ...);2;Gemüse;SIGHI_FoodList_2024-08-29_p11_r23;
230;233;Kaiserschote;1;Gemüse;SIGHI_FoodList_2024-08-29_p11_r24;
231;234;Kappes, Kohl, Kraut, Weißkohl;0;Gemüse;SIGHI_FoodList_2024-08-29_p11_r25;
232;235;Karfiol, Blumenkohl;0;Gemüse;SIGHI_FoodList_2024-08-29_p11_r26;
233;236;Karotte;0;Gemüse;SIGHI_FoodList_2024-08-29_p11_r27;
234;237;Kefen;1;Gemüse;SIGHI_FoodList_2024-08-29_p11_r28;
235;238;Kelp (große Braunalgen, Seetang, Blatttang,;2;Gemüse;SIGHI_FoodList_2024-08-29_p11_r29;
236;239;Kichererbse;2;Gemüse;SIGHI_FoodList_2024-08-29_p11_r31;
237;240;Kiefelerbse;1;Gemüse;SIGHI_FoodList_2024-08-29_p11_r32;
238;241;Knoblauch;1;Gemüse;SIGHI_FoodList_2024-08-29_p11_r33;
239;242;Knollensellerie;0;Gemüse;SIGHI_FoodList_2024-08-29_p11_r34;
240;243;Kohlrabi;1;Gemüse;SIGHI_FoodList_2024-08-29_p11_r35;
241;244;Kohlsorten (außer Rosenkohl, Kohlrabi);0;Gemüse;SIGHI_FoodList_2024-08-29_p11_r36;
242;245;Kohlsprossen, Rosenkohl;1;Gemüse;SIGHI_FoodList_2024-08-29_p11_r37;
243;246;Krauskohl, Grünkohl, Braunkohl, Federkohl;1;Gemüse;SIGHI_FoodList_2024-08-29_p11_r38;201
244;247;Krautstiele (Beta vulgaris subsp. vulgaris);1;Gemüse;SIGHI_FoodList_2024-08-29_p11_r39;
245;248;Kren, Meerrettich;1;Gemüse;SIGHI_FoodList_2024-08-29_p11_r40;
246;250;Kürbisse, div. Sorten;0;Gemüse;SIGHI_FoodList_2024-08-29_p11_r42;
247;251;Lauch;1;Gemüse;SIGHI_FoodList_2024-08-29_p11_r43;
248;252;Linsen;2;Gemüse;SIGHI_FoodList_2024-08-29_p11_r44;
249;253;Mangold;1;Gemüse;SIGHI_FoodList_2024-08-29_p11_r45;
250;254;Meerrettich;1;Gemüse;SIGHI_FoodList_2024-08-29_p11_r46;
251;255;Melanzani, Melanzana, Aubergine;2;Gemüse;SIGHI_FoodList_2024-08-29_p11_r47;
252;256;Möhre, Mohrrübe;0;Gemüse;SIGHI_FoodList_2024-08-29_p11_r48;
253;258;Nüsslisalat, Nüssler;0;Gemüse;SIGHI_FoodList_2024-08-29_p11_r51;
254;259;Okra, Gemüse-Eibisch;1;Gemüse;SIGHI_FoodList_2024-08-29_p11_r52;224
255;260;Oliven;2;Gemüse;SIGHI_FoodList_2024-08-29_p11_r53;
256;261;Pak Choi, Pak Choy, Pok Choi;0;Gemüse;SIGHI_FoodList_2024-08-29_p11_r55;
257;262;Paprika, Peperoni, milde Sorten;0;Gemüse;SIGHI_FoodList_2024-08-29_p12_r13;
258;263;Paprika, Peperoni, scharfe Sorten;2;Gemüse;SIGHI_FoodList_2024-08-29_p12_r14;
259;264;Paradeiser, Tomaten;2;Gemüse;SIGHI_FoodList_2024-08-29_p12_r15;
260;265;Pastinaken;0;Gemüse;SIGHI_FoodList_2024-08-29_p12_r16;
261;266;Peperoni, Paprika, milde Sorten;0;Gemüse;SIGHI_FoodList_2024-08-29_p12_r17;257
262;267;Peperoni, Paprika, scharfe Sorten;2;Gemüse;SIGHI_FoodList_2024-08-29_p12_r18;258
263;268;Porree;1;Gemüse;SIGHI_FoodList_2024-08-29_p12_r19;
264;269;Räbe;1;Gemüse;SIGHI_FoodList_2024-08-29_p12_r20;
265;270;Radieschen und Rettiche (Gattung Raphanus), milde;0;Gemüse;SIGHI_FoodList_2024-08-29_p12_r21;
266;271;Radieschen und Rettiche (Gattung Raphanus), scharfe;1;Gemüse;SIGHI_FoodList_2024-08-29_p12_r23;
267;272;Randen;0;Gemüse;SIGHI_FoodList_2024-08-29_p12_r25;
268;273;Rauke, Rucola;2;Gemüse;SIGHI_FoodList_2024-08-29_p12_r26;
269;274;Rettiche und Radieschen (Gattung Raphanus), milde;0;Gemüse;SIGHI_FoodList_2024-08-29_p12_r27;265
270;275;Rettiche und Radieschen (Gattung Raphanus),;1;Gemüse;SIGHI_FoodList_2024-08-29_p12_r29;
271;276;Rosenkohl;1;Gemüse;SIGHI_FoodList_2024-08-29_p12_r31;
272;277;Rote Bete, Rote Beete;0;Gemüse;SIGHI_FoodList_2024-08-29_p12_r32;
273;278;Rotkohl, Rotkraut;0;Gemüse;SIGHI_FoodList_2024-08-29_p12_r33;
274;279;Rucola, Rukola;2;Gemüse;SIGHI_FoodList_2024-08-29_p12_r34;
275;280;Rüebli;0;Gemüse;SIGHI_FoodList_2024-08-29_p12_r35;
276;281;Salat: Blattsalate;0;Gemüse;SIGHI_FoodList_2024-08-29_p12_r36;
277;282;Salzgurken;2;Gemüse;SIGHI_FoodList_2024-08-29_p12_r37;
278;283;Saubohne (Vicia faba);2;Gemüse;SIGHI_FoodList_2024-08-29_p12_r39;
279;284;Sauerkraut;3;Gemüse;SIGHI_FoodList_2024-08-29_p12_r40;
280;285;Schmalblättriger Doppelsame, Rucola;2;Gemüse;SIGHI_FoodList_2024-08-29_p12_r41;
281;286;Schnittsellerie;0;Gemüse;SIGHI_FoodList_2024-08-29_p12_r42;
282;287;Schweinsbohne (Vicia faba);2;Gemüse;SIGHI_FoodList_2024-08-29_p12_r43;
283;288;Sellerie: Knollensellerie (Apium graveolens var.;0;Gemüse;SIGHI_FoodList_2024-08-29_p12_r44;
284;289;Sellerie: Schnittsellerie (Apium graveolens var.;0;Gemüse;SIGHI_FoodList_2024-08-29_p12_r46;
285;290;Sellerie: Staudensellerie (Apium graveolens var.;0;Gemüse;SIGHI_FoodList_2024-08-29_p12_r48;
286;291;Senfkohl, Pak Choi;0;Gemüse;SIGHI_FoodList_2024-08-29_p12_r50;
287;292;Soja (Sojabohne, Sojamehl);2;Gemüse;SIGHI_FoodList_2024-08-29_p12_r51;
288;294;Spalterbsen, Gartenerbsen;1;Gemüse;SIGHI_FoodList_2024-08-29_p12_r54;
289;295;Spargel;0;Gemüse;SIGHI_FoodList_2024-08-29_p12_r55;
290;296;Speiserübe;1;Gemüse;SIGHI_FoodList_2024-08-29_p12_r56;
291;297;Spinat;2;Gemüse;SIGHI_FoodList_2024-08-29_p12_r57;
292;298;Sprossenkohl, Rosenkohl;1;Gemüse;SIGHI_FoodList_2024-08-29_p13_r13;
293;299;Stangensellerie, Staudensellerie;0;Gemüse;SIGHI_FoodList_2024-08-29_p13_r14;
294;300;Staudensellerie;0;Gemüse;SIGHI_FoodList_2024-08-29_p13_r15;
295;301;Tomaten;2;Gemüse;SIGHI_FoodList_2024-08-29_p13_r16;
296;302;Topinambur;0;Gemüse;SIGHI_FoodList_2024-08-29_p13_r17;
297;303;Vogerlsalat;0;Gemüse;SIGHI_FoodList_2024-08-29_p13_r19;
298;304;Weisskohl, Weisskabis, Weisskraut, Weißkohl,;0;Gemüse;SIGHI_FoodList_2024-08-29_p13_r20;
299;305;Welschkohl, Welschkraut, Wirsing;1;Gemüse;SIGHI_FoodList_2024-08-29_p13_r22;
300;306;Wilde Rauke, Rucola;2;Gemüse;SIGHI_FoodList_2024-08-29_p13_r23;
301;307;Wirsing, Wirz, Wirsingkohl, Welschkohl,;1;Gemüse;SIGHI_FoodList_2024-08-29_p13_r24;
302;308;Würzsellerie, Schnittsellerie;0;Gemüse;SIGHI_FoodList_2024-08-29_p13_r26;
303;309;Zichorie: Salatzichorie, Chicorée;0;Gemüse;SIGHI_FoodList_2024-08-29_p13_r27;
304;310;Zucchini, Zucchetti;0;Gemüse;SIGHI_FoodList_2024-08-29_p13_r28;
305;311;Zuckererbse, Zuckerschote;1;Gemüse;SIGHI_FoodList_2024-08-29_p13_r29;
306;312;Zwiebel: alle anderen, hier nicht als verträglich;1;Gemüse;SIGHI_FoodList_2024-08-29_p13_r30;
307;313;Zwiebel: Milde Zwiebeln der Cevennen;0;Gemüse;SIGHI_FoodList_2024-08-29_p13_r32;
308;314;Zwiebel: Tropea-Zwiebel;0;Gemüse;SIGHI_FoodList_2024-08-29_p13_r34;
309;315;Zwiebel: Weisse Zwiebel, Weiße Zwiebel;0;Gemüse;SIGHI_FoodList_2024-08-29_p13_r35;
310;316;Ährige Minze (Mentha spicata);0;Gemüse;SIGHI_FoodList_2024-08-29_p13_r37;
311;317;Bärlauch (Allium ursinum);1;Gemüse;SIGHI_FoodList_2024-08-29_p13_r38;
312;318;Basilikum;0;Gemüse;SIGHI_FoodList_2024-08-29_p13_r39;
313;319;Bockshornklee;2;Gemüse;SIGHI_FoodList_2024-08-29_p13_r40;
314;320;Bohnenkraut (Satureja hortensis, Satureja montana);0;Gemüse;SIGHI_FoodList_2024-08-29_p13_r41;
315;321;Dill, Dillkraut, Dillfenchel;1;Gemüse;SIGHI_FoodList_2024-08-29_p13_r42;
316;322;Dorst, Dost, Gemeiner Dost, Dostenkraut, Oregano;0;Gemüse;SIGHI_FoodList_2024-08-29_p13_r43;
317;323;Echter Dost (Origanum vulgare), Oregano;0;Gemüse;SIGHI_FoodList_2024-08-29_p13_r44;
318;324;Echter Kerbel, Gartenkerbel (Anthriscus cerefolium);0;Gemüse;SIGHI_FoodList_2024-08-29_p13_r45;
319;325;Gartenkerbe, Echter Kerbel (Anthriscus cerefolium);0;Gemüse;SIGHI_FoodList_2024-08-29_p13_r46;
320;326;Grüne Minze (Mentha spicata);0;Gemüse;SIGHI_FoodList_2024-08-29_p13_r47;
321;327;Gurkenkraut, Dill (Anethum graveolens);1;Gemüse;SIGHI_FoodList_2024-08-29_p13_r48;
322;328;Kerbel, Echter Kerbel, Gartenkerbel (Anthriscus;0;Gemüse;SIGHI_FoodList_2024-08-29_p13_r49;
323;329;Kleesorten (Trigonella- und Trifolium-Arten);2;Gemüse;SIGHI_FoodList_2024-08-29_p13_r51;
324;330;Krause Minze (Mentha spicata);0;Gemüse;SIGHI_FoodList_2024-08-29_p13_r52;
325;331;Marokkanische Minze (Mentha spicata);0;Gemüse;SIGHI_FoodList_2024-08-29_p13_r53;
326;332;Minze: Grüne Minze (Mentha spicata);0;Gemüse;SIGHI_FoodList_2024-08-29_p14_r13;
327;333;Müllerkraut, Oregano;0;Gemüse;SIGHI_FoodList_2024-08-29_p14_r14;
328;334;Nanaminze (Mentha spicata);0;Gemüse;SIGHI_FoodList_2024-08-29_p14_r15;
329;335;Oregano;0;Gemüse;SIGHI_FoodList_2024-08-29_p14_r16;
330;336;Petersilie;0;Gemüse;SIGHI_FoodList_2024-08-29_p14_r17;
331;337;Pfefferminze;0;Gemüse;SIGHI_FoodList_2024-08-29_p14_r18;
332;338;Rosmarin;0;Gemüse;SIGHI_FoodList_2024-08-29_p14_r19;
333;339;Salbei: Echte Salbei, Garten-Salbei, Küchensalbei;0;Gemüse;SIGHI_FoodList_2024-08-29_p14_r20;
334;340;Schabzigerklee;2;Gemüse;SIGHI_FoodList_2024-08-29_p14_r22;
335;341;Schnittlauch;1;Gemüse;SIGHI_FoodList_2024-08-29_p14_r23;
336;342;Speer-Minze (Mentha spicata, engl.: spearmint);0;Gemüse;SIGHI_FoodList_2024-08-29_p14_r24;
337;343;Wohlgemut, Oregano;0;Gemüse;SIGHI_FoodList_2024-08-29_p14_r25;
338;344;Acerola, Acerolapulver, Acerolakirsche, Azerola,;0;Früchte;SIGHI_FoodList_2024-08-29_p14_r27;
339;345;Ananas;2;Früchte;SIGHI_FoodList_2024-08-29_p14_r31;
340;346;Andenbeere, Andenkirsche (Physalis peruviana);0;Früchte;SIGHI_FoodList_2024-08-29_p14_r32;
341;347;Apfel;0;Früchte;SIGHI_FoodList_2024-08-29_p14_r33;
342;348;Apfel: Golden Delicious;0;Früchte;SIGHI_FoodList_2024-08-29_p14_r34;
343;349;Apfelsine, Orange;3;Früchte;SIGHI_FoodList_2024-08-29_p14_r35;
344;350;Aprikose;0;Früchte;SIGHI_FoodList_2024-08-29_p14_r36;
345;353;Banane, Dessertbanane, Obstbanane;2;Früchte;SIGHI_FoodList_2024-08-29_p14_r42;
346;355;Birne;1;Früchte;SIGHI_FoodList_2024-08-29_p14_r44;
347;357;Blaubeere (Vaccinium myrtillus);0;Früchte;SIGHI_FoodList_2024-08-29_p14_r46;
348;358;Bocksdorn-Beeren, Goji-Beeren;0;Früchte;SIGHI_FoodList_2024-08-29_p14_r47;
349;360;Brombeeren;0;Früchte;SIGHI_FoodList_2024-08-29_p14_r49;
350;361;Carambola, Karambole, Sternfrucht;0;Früchte;SIGHI_FoodList_2024-08-29_p14_r50;
351;362;Cassis;0;Früchte;SIGHI_FoodList_2024-08-29_p14_r51;
352;363;Chinesische Quitte, Kaki;0;Früchte;SIGHI_FoodList_2024-08-29_p14_r52;
353;364;Cranberry;0;Früchte;SIGHI_FoodList_2024-08-29_p14_r53;
354;365;Datteln getrocknet;0;Früchte;SIGHI_FoodList_2024-08-29_p14_r54;
355;366;Drachenfrucht, Pitaya, Pitahaya;0;Früchte;SIGHI_FoodList_2024-08-29_p14_r55;
356;368;Erdbeere;2;Früchte;SIGHI_FoodList_2024-08-29_p15_r14;
357;369;Feigen, frisch oder getrocknet;0;Früchte;SIGHI_FoodList_2024-08-29_p15_r15;
358;371;Goiaba, Guave, Psidium guajava;2;Früchte;SIGHI_FoodList_2024-08-29_p15_r17;
359;372;Goji-Beeren, Bocksdorn-Beeren;0;Früchte;SIGHI_FoodList_2024-08-29_p15_r18;348
360;373;Granatapfel;0;Früchte;SIGHI_FoodList_2024-08-29_p15_r19;
361;374;Grapefruit;2;Früchte;SIGHI_FoodList_2024-08-29_p15_r20;
362;375;Grossfrüchtige Moosbeere, Großfrüchtige Moosbeere;0;Früchte;SIGHI_FoodList_2024-08-29_p15_r21;
363;376;Guave, Guava, Guayave, Guayaba;2;Früchte;SIGHI_FoodList_2024-08-29_p15_r22;
364;377;Hagebutte;1;Früchte;SIGHI_FoodList_2024-08-29_p15_r23;
365;378;Heidelbeeren;0;Früchte;SIGHI_FoodList_2024-08-29_p15_r24;
366;379;Himbeeren;2;Früchte;SIGHI_FoodList_2024-08-29_p15_r25;
367;380;Holler, Schwarzer Holunder;0;Früchte;SIGHI_FoodList_2024-08-29_p15_r26;
368;381;Holunderbeeren, Schwarzer Holunder;0;Früchte;SIGHI_FoodList_2024-08-29_p15_r27;
369;382;Johannisbeere, rote;0;Früchte;SIGHI_FoodList_2024-08-29_p15_r28;
370;383;Jostabeeren, Jochelbeere, Joglbeere;0;Früchte;SIGHI_FoodList_2024-08-29_p15_r29;
371;384;Kakao, Kakaopulver (Schokolade etc.);2;Früchte;SIGHI_FoodList_2024-08-29_p15_r30;
372;385;Kakaobutter;0;Früchte;SIGHI_FoodList_2024-08-29_p15_r31;
373;386;Kaki, Kakipflaume;0;Früchte;SIGHI_FoodList_2024-08-29_p15_r32;
374;387;Kaktusfeigen (Opuntia ficus-indica);0;Früchte;SIGHI_FoodList_2024-08-29_p15_r33;
375;388;Kapstachelbeere (Physalis peruviana), Physalis;0;Früchte;SIGHI_FoodList_2024-08-29_p15_r34;
376;389;Karambole, Karambola, Sternfrucht;0;Früchte;SIGHI_FoodList_2024-08-29_p15_r35;
377;390;Kirschen, Süßkirschen;0;Früchte;SIGHI_FoodList_2024-08-29_p15_r36;
378;391;Kiwi;2;Früchte;SIGHI_FoodList_2024-08-29_p15_r37;
379;392;Kokosnuss, Kokosraspel, Kokosmilch, Kokoswasser;1;Früchte;SIGHI_FoodList_2024-08-29_p15_r38;
380;393;Korinthen;0;Früchte;SIGHI_FoodList_2024-08-29_p15_r39;
381;394;Kranbeere (Vaccinium macrocarpon);0;Früchte;SIGHI_FoodList_2024-08-29_p15_r41;
382;395;Kronsbeere, Preiselbeere (Vaccinium vitis-idaea);0;Früchte;SIGHI_FoodList_2024-08-29_p15_r42;
383;396;Limette;3;Früchte;SIGHI_FoodList_2024-08-29_p15_r43;
384;397;Limone;2;Früchte;SIGHI_FoodList_2024-08-29_p15_r44;
385;398;Litchi, Litschi;0;Früchte;SIGHI_FoodList_2024-08-29_p15_r45;
386;400;Mandarine;2;Früchte;SIGHI_FoodList_2024-08-29_p15_r47;
387;401;Mango;1;Früchte;SIGHI_FoodList_2024-08-29_p15_r48;
388;403;Marille;0;Früchte;SIGHI_FoodList_2024-08-29_p15_r51;
389;404;Maulbeere;0;Früchte;SIGHI_FoodList_2024-08-29_p15_r52;
390;405;Melonen (außer Wassermelone);0;Früchte;SIGHI_FoodList_2024-08-29_p16_r13;
391;406;Melonenbirne, Pepino (Solanum muricatum);0;Früchte;SIGHI_FoodList_2024-08-29_p16_r15;
392;408;Nektarinen;0;Früchte;SIGHI_FoodList_2024-08-29_p16_r17;
393;409;Oemeli, Sauerkirsche;0;Früchte;SIGHI_FoodList_2024-08-29_p16_r18;
394;410;Orangen;3;Früchte;SIGHI_FoodList_2024-08-29_p16_r19;
395;411;Orangenschale;3;Früchte;SIGHI_FoodList_2024-08-29_p16_r20;
396;412;Papaya;2;Früchte;SIGHI_FoodList_2024-08-29_p16_r21;
397;415;Pepino, Melonenbirne (Solanum muricatum);0;Früchte;SIGHI_FoodList_2024-08-29_p16_r24;391
398;416;Persimone, Kaki;0;Früchte;SIGHI_FoodList_2024-08-29_p16_r25;
399;417;Peruanische Blasenkirsche (Physalis peruviana);0;Früchte;SIGHI_FoodList_2024-08-29_p16_r26;
400;418;Pfirsich;0;Früchte;SIGHI_FoodList_2024-08-29_p16_r27;
401;419;Pflaumen-Arten;1;Früchte;SIGHI_FoodList_2024-08-29_p16_r28;
402;420;Physalis (Physalis peruviana), Kapstachelbeere;0;Früchte;SIGHI_FoodList_2024-08-29_p16_r29;375
403;421;Pitaya, Pitahaya, Drachenfrucht;0;Früchte;SIGHI_FoodList_2024-08-29_p16_r30;355
404;422;Preiselbeere;0;Früchte;SIGHI_FoodList_2024-08-29_p16_r33;
405;424;Quetsche, Zwetschge (Prunus domestica subsp.;1;Früchte;SIGHI_FoodList_2024-08-29_p16_r35;
406;425;Quitten;0;Früchte;SIGHI_FoodList_2024-08-29_p16_r37;
407;426;Rhabarber;1;Früchte;SIGHI_FoodList_2024-08-29_p16_r38;
408;427;Ribisel, rote;0;Früchte;SIGHI_FoodList_2024-08-29_p16_r39;
409;428;Rigatze, Jostabeere;0;Früchte;SIGHI_FoodList_2024-08-29_p16_r40;
410;429;Rosinen;0;Früchte;SIGHI_FoodList_2024-08-29_p16_r41;
411;430;Rote Johannisbeere, Rote Ribisel;0;Früchte;SIGHI_FoodList_2024-08-29_p16_r43;
412;431;Sanddorn;0;Früchte;SIGHI_FoodList_2024-08-29_p16_r44;
413;432;Sauerkirsche;0;Früchte;SIGHI_FoodList_2024-08-29_p16_r45;
414;433;Schattenmorelle, Sauerkirsche;0;Früchte;SIGHI_FoodList_2024-08-29_p16_r46;
415;434;Schmalblättrige Ölweide (Elaeagnus angustifolia);0;Früchte;SIGHI_FoodList_2024-08-29_p16_r47;
416;435;Schwarze Johannisbeere;0;Früchte;SIGHI_FoodList_2024-08-29_p16_r48;
417;436;Schwarze Ribisel;0;Früchte;SIGHI_FoodList_2024-08-29_p16_r49;
418;437;Schwarzer Holunder, Holunderbeeren;0;Früchte;SIGHI_FoodList_2024-08-29_p16_r50;368
419;438;Sharonfrucht, Kaki;0;Früchte;SIGHI_FoodList_2024-08-29_p16_r51;
420;439;Stachelbeeren;0;Früchte;SIGHI_FoodList_2024-08-29_p16_r52;
421;440;Sternfrucht, Karambole, Karambola;0;Früchte;SIGHI_FoodList_2024-08-29_p16_r53;376
422;441;Sultaninen;0;Früchte;SIGHI_FoodList_2024-08-29_p16_r54;
423;442;Süßkirschen, Kirschen;0;Früchte;SIGHI_FoodList_2024-08-29_p17_r13;377
424;444;Trauben, Weintrauben;0;Früchte;SIGHI_FoodList_2024-08-29_p17_r15;
425;445;Wassermelone;1;Früchte;SIGHI_FoodList_2024-08-29_p17_r16;
426;446;Weichselkirsche, Weichsel, Sauerkirsche;0;Früchte;SIGHI_FoodList_2024-08-29_p17_r17;
427;447;Weinbeeren, getrocknet (=Rosinen);0;Früchte;SIGHI_FoodList_2024-08-29_p17_r18;
428;448;Weintrauben;0;Früchte;SIGHI_FoodList_2024-08-29_p17_r20;
429;449;Zitrone;2;Früchte;SIGHI_FoodList_2024-08-29_p17_r21;
430;450;Zitronenschale;2;Früchte;SIGHI_FoodList_2024-08-29_p17_r22;
431;451;Zitrusfrüchte;2;Früchte;SIGHI_FoodList_2024-08-29_p17_r23;
432;453;Zwetschge, Zwetschke, Zwetsche (Prunus domestica;1;Früchte;SIGHI_FoodList_2024-08-29_p17_r25;
433;454;Chia-Samen, Mexikanische Chia (Salvia hispanica);0;Früchte;SIGHI_FoodList_2024-08-29_p17_r28;
434;455;Flohsamen, Flohsamenschalen;0;Früchte;SIGHI_FoodList_2024-08-29_p17_r29;
435;456;Kürbiskerne;0;Früchte;SIGHI_FoodList_2024-08-29_p17_r31;
436;457;Leinsamen;0;Früchte;SIGHI_FoodList_2024-08-29_p17_r33;
437;458;Sesam;1;Früchte;SIGHI_FoodList_2024-08-29_p17_r34;
438;459;Algen und Algenbestandteile;3;Früchte;SIGHI_FoodList_2024-08-29_p17_r37;
439;460;Backhefe, Bäckerhefe (frisch / getrocknet);0;Früchte;SIGHI_FoodList_2024-08-29_p17_r38;
440;461;Bierhefe (frisch / getrocknet);0;Früchte;SIGHI_FoodList_2024-08-29_p17_r42;
441;462;Braunalgen, Algen;3;Früchte;SIGHI_FoodList_2024-08-29_p17_r46;
442;463;Champignons;1;Früchte;SIGHI_FoodList_2024-08-29_p17_r47;
443;464;Gemeiner Steinpilz (Boletus edulis);2;Früchte;SIGHI_FoodList_2024-08-29_p17_r48;
444;465;Gest, Germ, Hefe (frisch / getrocknet);0;Früchte;SIGHI_FoodList_2024-08-29_p17_r49;
445;466;Grünalgen, Algen;3;Früchte;SIGHI_FoodList_2024-08-29_p17_r53;
446;467;Hefe (frisch / getrocknet);0;Früchte;SIGHI_FoodList_2024-08-29_p18_r13;
447;468;Kombu-Algen;3;Früchte;SIGHI_FoodList_2024-08-29_p18_r17;
448;469;Meeresalgen, Meeralgen;3;Früchte;SIGHI_FoodList_2024-08-29_p18_r18;
449;470;Morcheln;2;Früchte;SIGHI_FoodList_2024-08-29_p18_r19;
450;471;Nori-Algen;3;Früchte;SIGHI_FoodList_2024-08-29_p18_r20;
451;472;Pilze, diverse Arten;2;Früchte;SIGHI_FoodList_2024-08-29_p18_r21;
452;473;Reishi (Ganoderma lingzhi);0;Früchte;SIGHI_FoodList_2024-08-29_p18_r22;
453;474;Rotalgen, Algen;3;Früchte;SIGHI_FoodList_2024-08-29_p18_r24;
454;475;Schwammerl, Pilze;2;Früchte;SIGHI_FoodList_2024-08-29_p18_r25;
455;476;Seetang, Algen;3;Früchte;SIGHI_FoodList_2024-08-29_p18_r26;
456;477;Spirulina (Cyanobakterien: Arthrospira platensis, A.;0;Früchte;SIGHI_FoodList_2024-08-29_p18_r27;
457;478;Steinpilze;2;Früchte;SIGHI_FoodList_2024-08-29_p18_r29;
458;479;Wakame-Algen;3;Früchte;SIGHI_FoodList_2024-08-29_p18_r30;
459;480;Wasserkefir;1;Früchte;SIGHI_FoodList_2024-08-29_p18_r31;
460;481;Agavendicksaft, Agavensirup;0;Früchte;SIGHI_FoodList_2024-08-29_p18_r35;
461;482;Ahornsirup;0;Früchte;SIGHI_FoodList_2024-08-29_p18_r36;
462;484;Caramel;0;Früchte;SIGHI_FoodList_2024-08-29_p18_r38;
463;485;Dextrose;0;Früchte;SIGHI_FoodList_2024-08-29_p18_r39;
464;489;Fruchtzucker;0;Früchte;SIGHI_FoodList_2024-08-29_p18_r46;
465;490;Fructose;0;Früchte;SIGHI_FoodList_2024-08-29_p18_r47;
466;491;gebrannter Zucker;0;Früchte;SIGHI_FoodList_2024-08-29_p18_r48;
467;492;Glucose;0;Früchte;SIGHI_FoodList_2024-08-29_p18_r49;
468;493;Glucosesirup;0;Früchte;SIGHI_FoodList_2024-08-29_p18_r51;
469;494;Honig;0;Früchte;SIGHI_FoodList_2024-08-29_p18_r53;
470;495;Invertzucker, Invertose, Invertzuckersirup;0;Früchte;SIGHI_FoodList_2024-08-29_p18_r54;
471;497;Karamell;0;Früchte;SIGHI_FoodList_2024-08-29_p18_r57;
472;498;Kristallzucker;0;Früchte;SIGHI_FoodList_2024-08-29_p19_r13;
473;499;Künstliche Süssstoffe, künstliche Süßstoffe;1;Früchte;SIGHI_FoodList_2024-08-29_p19_r15;
474;500;Lactose;0;Früchte;SIGHI_FoodList_2024-08-29_p19_r16;
475;501;Maltose;0;Früchte;SIGHI_FoodList_2024-08-29_p19_r17;
476;502;Malzextrakt;2;Früchte;SIGHI_FoodList_2024-08-29_p19_r18;
477;503;Malzzucker, rein;0;Früchte;SIGHI_FoodList_2024-08-29_p19_r19;
478;504;Milchzucker;0;Früchte;SIGHI_FoodList_2024-08-29_p19_r20;
479;506;Rohrzucker;0;Früchte;SIGHI_FoodList_2024-08-29_p19_r22;
480;507;Rübenzucker;0;Früchte;SIGHI_FoodList_2024-08-29_p19_r24;
481;508;Saccharose;0;Früchte;SIGHI_FoodList_2024-08-29_p19_r26;
482;510;Stevia (Stevia-Blätter, Steviosid flüssig/pulverförmig);0;Früchte;SIGHI_FoodList_2024-08-29_p19_r30;
483;511;Süssholz, Süßholz;2;Früchte;SIGHI_FoodList_2024-08-29_p19_r31;
484;512;Traubenzucker;0;Früchte;SIGHI_FoodList_2024-08-29_p19_r32;
485;514;Zucker;0;Früchte;SIGHI_FoodList_2024-08-29_p19_r35;
486;515;Alkoholessig;0;Früchte;SIGHI_FoodList_2024-08-29_p19_r38;
487;517;Bouillon;2;Früchte;SIGHI_FoodList_2024-08-29_p19_r41;
488;518;Branntweinessig;0;Früchte;SIGHI_FoodList_2024-08-29_p19_r44;
489;519;Brühe, Brühwürfel/-pulver;2;Früchte;SIGHI_FoodList_2024-08-29_p19_r46;
490;520;Cumin;2;Früchte;SIGHI_FoodList_2024-08-29_p19_r49;
491;521;Curcuma;0;Früchte;SIGHI_FoodList_2024-08-29_p19_r50;
492;522;Curry;2;Früchte;SIGHI_FoodList_2024-08-29_p19_r51;
493;523;Essig: Aceto Balsamico, Balsamessig;3;Früchte;SIGHI_FoodList_2024-08-29_p19_r52;
494;524;Essig: Alkoholessig, Branntweinessig, Weingeistessig,;0;Früchte;SIGHI_FoodList_2024-08-29_p19_r53;
495;525;Essig: Apfelessig;1;Früchte;SIGHI_FoodList_2024-08-29_p19_r55;
496;526;Essig: Rotweinessig;3;Früchte;SIGHI_FoodList_2024-08-29_p19_r56;
497;527;Essig: Weissweinessig;3;Früchte;SIGHI_FoodList_2024-08-29_p19_r57;
498;528;Essigessenz;0;Früchte;SIGHI_FoodList_2024-08-29_p20_r13;
499;529;Fleischextrakt;2;Früchte;SIGHI_FoodList_2024-08-29_p20_r15;
500;530;Gelbwurz (Curcuma longa);0;Früchte;SIGHI_FoodList_2024-08-29_p20_r16;
501;531;Gerber-Sumach, Gerbersumach (Rhus coriaria),;0;Früchte;SIGHI_FoodList_2024-08-29_p20_r17;
502;532;Gewürznelken, Nelken;0;Früchte;SIGHI_FoodList_2024-08-29_p20_r21;
503;533;Hefeextrakt;2;Früchte;SIGHI_FoodList_2024-08-29_p20_r23;
504;534;Ingwer;1;Früchte;SIGHI_FoodList_2024-08-29_p20_r24;
505;535;Kardamom;0;Früchte;SIGHI_FoodList_2024-08-29_p20_r25;
506;536;Koriander, Echter Koriander, Gewürzkoriander,;0;Früchte;SIGHI_FoodList_2024-08-29_p20_r28;
507;537;Kreuzkümmel (Cuminum cyminum);2;Früchte;SIGHI_FoodList_2024-08-29_p20_r30;
508;538;Kumin;2;Früchte;SIGHI_FoodList_2024-08-29_p20_r31;
509;539;Kümmel: Echter Kümmel (Carum carvi);0;Früchte;SIGHI_FoodList_2024-08-29_p20_r32;
510;540;Kurkuma;0;Früchte;SIGHI_FoodList_2024-08-29_p20_r35;
511;541;Lorbeerblätter, Echter Lorbeer (Laurus nobilis), Edler;0;Früchte;SIGHI_FoodList_2024-08-29_p20_r36;
512;542;Mohnsamen;1;Früchte;SIGHI_FoodList_2024-08-29_p20_r38;
513;543;Muskatnuss;1;Früchte;SIGHI_FoodList_2024-08-29_p20_r39;
514;544;Nelken, Gewürznelken;0;Früchte;SIGHI_FoodList_2024-08-29_p20_r40;502
515;545;Paprikapulver, mild;0;Früchte;SIGHI_FoodList_2024-08-29_p20_r42;
516;546;Paprikapulver, scharf;2;Früchte;SIGHI_FoodList_2024-08-29_p20_r43;
517;547;Pfeffer, schwarz;2;Früchte;SIGHI_FoodList_2024-08-29_p20_r44;
518;548;Pfeffer, weiß;2;Früchte;SIGHI_FoodList_2024-08-29_p20_r45;
519;549;Quendel, Thymian, Echter Thymian (Thymus;0;Früchte;SIGHI_FoodList_2024-08-29_p20_r46;
520;550;Schwarzkümmel (Nigella sativa);0;Früchte;SIGHI_FoodList_2024-08-29_p20_r48;
521;551;Senf, Senfkörner, Senfsamenpulver;2;Früchte;SIGHI_FoodList_2024-08-29_p20_r49;
522;552;Sojasauce;3;Früchte;SIGHI_FoodList_2024-08-29_p20_r50;
523;554;Sumach, Sumak: Gerber-Sumach (Rhus coriaria);0;Früchte;SIGHI_FoodList_2024-08-29_p20_r52;
524;555;Thymian, Echter Thymian (Thymus vulgaris),;0;Früchte;SIGHI_FoodList_2024-08-29_p20_r56;
525;556;Vanille, Vanilleschoten, Vanillepulver, Vanillezucker;1;Früchte;SIGHI_FoodList_2024-08-29_p21_r13;
526;557;Vanilleextrakt;1;Früchte;SIGHI_FoodList_2024-08-29_p21_r15;
527;558;Wacholderbeeren;0;Früchte;SIGHI_FoodList_2024-08-29_p21_r16;
528;559;Weingeistessig;0;Früchte;SIGHI_FoodList_2024-08-29_p21_r17;
529;560;Würze, Speisewürze, Suppenwürze (pflanzliches;2;Früchte;SIGHI_FoodList_2024-08-29_p21_r19;
530;561;Zimt, Zimtstangen, Zimtpulver;0;Früchte;SIGHI_FoodList_2024-08-29_p21_r21;
531;562;Heilquellen-Wasser mit viel;1;Getränke;SIGHI_FoodList_2024-08-29_p21_r24;
532;563;Leitungswasser;0;Getränke;SIGHI_FoodList_2024-08-29_p21_r26;
533;564;Mineralwasser ohne Kohlensäure;0;Getränke;SIGHI_FoodList_2024-08-29_p21_r27;
534;565;Alkohol, rein (Ethanol);3;Getränke;SIGHI_FoodList_2024-08-29_p21_r29;
535;566;Alkoholhaltige Getränke;3;Getränke;SIGHI_FoodList_2024-08-29_p21_r30;
536;567;Bier;2;Getränke;SIGHI_FoodList_2024-08-29_p21_r31;
537;568;Champagner;3;Getränke;SIGHI_FoodList_2024-08-29_p21_r32;
538;569;Ethanol, Ethylalkohol;3;Getränke;SIGHI_FoodList_2024-08-29_p21_r33;
539;570;Rhum;2;Getränke;SIGHI_FoodList_2024-08-29_p21_r34;
540;571;Schnäpse, klar (farblos);2;Getränke;SIGHI_FoodList_2024-08-29_p21_r35;
541;572;Schnäpse, nicht klar (nicht farblos);3;Getränke;SIGHI_FoodList_2024-08-29_p21_r36;
542;573;Sekt;3;Getränke;SIGHI_FoodList_2024-08-29_p21_r37;
543;574;Spirituosen, klar (farblos);2;Getränke;SIGHI_FoodList_2024-08-29_p21_r38;
544;575;Spirituosen, nicht klar (nicht farblos);3;Getränke;SIGHI_FoodList_2024-08-29_p21_r39;
545;576;Wein;3;Getränke;SIGHI_FoodList_2024-08-29_p21_r40;
546;577;Wein, histaminfrei (<0.1 mg/l);1;Getränke;SIGHI_FoodList_2024-08-29_p21_r41;
547;578;Wein: Rotwein;3;Getränke;SIGHI_FoodList_2024-08-29_p21_r43;
548;579;Wein: Schilcherwein;2;Getränke;SIGHI_FoodList_2024-08-29_p21_r44;
549;580;Wein: Weisswein, Weißwein;2;Getränke;SIGHI_FoodList_2024-08-29_p21_r45;
550;581;Weinbrand, Brandy;2;Getränke;SIGHI_FoodList_2024-08-29_p21_r46;
551;582;Anistee;0;Getränke;SIGHI_FoodList_2024-08-29_p21_r48;
552;583;Brennnesseltee;1;Getränke;SIGHI_FoodList_2024-08-29_p21_r49;
553;584;Eisenkraut-Tee;0;Getränke;SIGHI_FoodList_2024-08-29_p21_r50;
554;585;Fencheltee;0;Getränke;SIGHI_FoodList_2024-08-29_p21_r51;
555;586;Grüntee;1;Getränke;SIGHI_FoodList_2024-08-29_p21_r52;
556;587;Kamillentee;0;Getränke;SIGHI_FoodList_2024-08-29_p21_r53;
557;588;Kräuterteemischungen aus Heilkräutern, z.B.;1;Getränke;SIGHI_FoodList_2024-08-29_p21_r54;
558;589;Kümmeltee, Echter Kümmel (Carum carvi);0;Getränke;SIGHI_FoodList_2024-08-29_p21_r56;
559;590;Lindenblütentee;0;Getränke;SIGHI_FoodList_2024-08-29_p21_r57;
560;591;Mate Tee;1;Getränke;SIGHI_FoodList_2024-08-29_p22_r13;
561;592;Pfefferminztee;0;Getränke;SIGHI_FoodList_2024-08-29_p22_r14;
562;593;Rooibostee;0;Getränke;SIGHI_FoodList_2024-08-29_p22_r15;
563;594;Salbeitee;0;Getränke;SIGHI_FoodList_2024-08-29_p22_r18;
564;595;Schwarztee;2;Getränke;SIGHI_FoodList_2024-08-29_p22_r19;
565;596;Verveine-Tee;0;Getränke;SIGHI_FoodList_2024-08-29_p22_r20;
566;597;Cranberry Nektar;0;Getränke;SIGHI_FoodList_2024-08-29_p22_r22;
567;598;Orangensaft;2;Getränke;SIGHI_FoodList_2024-08-29_p22_r23;
568;599;Zitronensaft, Zitronensaftkonzentrat;3;Getränke;SIGHI_FoodList_2024-08-29_p22_r24;
569;600;Tomatensaft;2;Getränke;SIGHI_FoodList_2024-08-29_p22_r26;
570;601;Coca-Cola;2;Getränke;SIGHI_FoodList_2024-08-29_p22_r28;
571;602;Colagetränke;2;Getränke;SIGHI_FoodList_2024-08-29_p22_r29;
572;603;Energy-Drinks;2;Getränke;SIGHI_FoodList_2024-08-29_p22_r30;
573;604;Espresso;1;Getränke;SIGHI_FoodList_2024-08-29_p22_r31;
574;605;Kaffee;1;Getränke;SIGHI_FoodList_2024-08-29_p22_r33;
575;606;Hafer-Drink;1;Getränke;SIGHI_FoodList_2024-08-29_p22_r35;
576;607;Reismilch, Reis-Drink;1;Getränke;SIGHI_FoodList_2024-08-29_p22_r36;
577;608;Sojamilch, Soja-Drink;2;Getränke;SIGHI_FoodList_2024-08-29_p22_r37;
578;609;heisse Schokolade, heiße Schokolade;2;Getränke;SIGHI_FoodList_2024-08-29_p22_r39;
579;610;Holunderblütensirup;0;Getränke;SIGHI_FoodList_2024-08-29_p22_r40;
580;611;Kakaogetränke;2;Getränke;SIGHI_FoodList_2024-08-29_p22_r41;
581;612;Limonadengetränke;1;Getränke;SIGHI_FoodList_2024-08-29_p22_r42;
582;613;Ovomaltine;2;Getränke;SIGHI_FoodList_2024-08-29_p22_r43;
583;614;Schokoladengetränke;2;Getränke;SIGHI_FoodList_2024-08-29_p22_r44;
584;618;acidum hydrochloricum, Salzsäure,;0;Getränke;SIGHI_FoodList_2024-08-29_p22_r50;
585;633;Aroma, Aromen, Aromastoffe;1;Getränke;SIGHI_FoodList_2024-08-29_p23_r29;
586;646;Brillantschwarz BN, Brillantschwarz FCF, Schwarz;3;Getränke;SIGHI_FoodList_2024-08-29_p23_r48;
587;651;Calciumascorbat, Calciumdiascorbat, Calcium-L-;0;Getränke;SIGHI_FoodList_2024-08-29_p24_r13;
588;664;Capsanthin, Paprikaextrakt, E160c;0;Getränke;SIGHI_FoodList_2024-08-29_p24_r28;
589;665;Carob, Carobpulver;2;Getränke;SIGHI_FoodList_2024-08-29_p24_r29;
590;666;Carotine, Beta-Carotin, β-Carotin, E160a;0;Getränke;SIGHI_FoodList_2024-08-29_p24_r30;
591;669;Cellulose, Cellulosepulver, mikrokristalline Cellulose,;0;Getränke;SIGHI_FoodList_2024-08-29_p24_r34;
592;670;Celluloseethylether, Ethylcellulose, Ethylzellulose,;0;Getränke;SIGHI_FoodList_2024-08-29_p24_r36;
593;671;Cellulosemethylether, Methylcellulose,;0;Getränke;SIGHI_FoodList_2024-08-29_p24_r38;
594;672;Chinin (z.B. in Bitterlemon, Tonic Water);2;Getränke;SIGHI_FoodList_2024-08-29_p24_r40;
595;673;Chinolingelb;3;Getränke;SIGHI_FoodList_2024-08-29_p24_r41;
596;684;E101a, Riboflavin-5-Phosphat;1;Getränke;SIGHI_FoodList_2024-08-29_p25_r13;
597;706;E150b, Sulfitlaugen-Zuckerkulör;0;Getränke;SIGHI_FoodList_2024-08-29_p25_r43;
598;707;E150c, Ammoniak-Zuckerkulör;0;Getränke;SIGHI_FoodList_2024-08-29_p25_r44;
599;708;E150d: Ammoniumsulfit-Zuckerkulör;0;Getränke;SIGHI_FoodList_2024-08-29_p25_r45;
600;713;E160a, Carotine, Beta-Carotin, β-Carotin;0;Getränke;SIGHI_FoodList_2024-08-29_p25_r52;590
601;714;E160b, Bixin, Norbixin, Annatto;2;Getränke;SIGHI_FoodList_2024-08-29_p25_r53;
602;715;E160c, Capsanthin, Paprikaextrakt;0;Getränke;SIGHI_FoodList_2024-08-29_p25_r54;588
603;831;E500ii, Natron, Natriumhydrogencarbonat,;0;Getränke;SIGHI_FoodList_2024-08-29_p30_r17;
604;855;Ethylcellulose, Ethylzellulose, Celluloseethylether,;0;Getränke;SIGHI_FoodList_2024-08-29_p30_r51;592
605;857;Flavinmononukleotid, E101a;1;Getränke;SIGHI_FoodList_2024-08-29_p30_r54;
606;865;Gluten, Weizenkleber;1;Getränke;SIGHI_FoodList_2024-08-29_p31_r18;
607;866;Glycerin, Glycerol, Glyzerin, Propan-1,2,3-triol, 1,2,3-;0;Getränke;SIGHI_FoodList_2024-08-29_p31_r19;
608;872;Hexamethylentetramin, Urotropin, Methenamin,;2;Getränke;SIGHI_FoodList_2024-08-29_p31_r28;
609;881;Johannisbrot, Johannisbrotpulver;2;Getränke;SIGHI_FoodList_2024-08-29_p31_r39;
610;883;Kaftan;2;Getränke;SIGHI_FoodList_2024-08-29_p31_r42;
611;910;Kohlensäure H2CO3, gelöstes CO2 in;1;Getränke;SIGHI_FoodList_2024-08-29_p32_r33;
612;912;kupferhaltige Komplexe der Chlorophylle und;0;Getränke;SIGHI_FoodList_2024-08-29_p32_r38;
613;921;Menthol;1;Getränke;SIGHI_FoodList_2024-08-29_p32_r49;
614;922;Methylcellulose, Methylzellulose,;0;Getränke;SIGHI_FoodList_2024-08-29_p32_r50;
615;925;Milchsäure, 2-Hydroxypropansäure, 2-;0;Getränke;SIGHI_FoodList_2024-08-29_p33_r15;
616;926;Mineralwasser mit Kohlensäure;1;Getränke;SIGHI_FoodList_2024-08-29_p33_r18;
617;927;modifizierte Stärke;0;Getränke;SIGHI_FoodList_2024-08-29_p33_r19;
618;928;Monoammoniumglutamat, Ammoniumglutamat,;2;Getränke;SIGHI_FoodList_2024-08-29_p33_r20;
619;930;Mononatriumglutamat, Natriumglutamat,;2;Getränke;SIGHI_FoodList_2024-08-29_p33_r23;
620;953;Natron, Natriumhydrogencarbonat,;0;Getränke;SIGHI_FoodList_2024-08-29_p33_r48;
621;968;Riboflavin-5-Phosphat, E101a;1;Getränke;SIGHI_FoodList_2024-08-29_p34_r28;596
622;970;Salicylat, Salicylsäure;2;Getränke;SIGHI_FoodList_2024-08-29_p34_r30;
623;971;Salzsäure, Chlorwasserstoffsäure, acidum;0;Getränke;SIGHI_FoodList_2024-08-29_p34_r31;
624;973;Seifenkrautextrakt (als Zutat in Halva);0;Getränke;SIGHI_FoodList_2024-08-29_p34_r34;
625;977;Stärke (Kartoffelstärke, Maisstärke, Reisstärke,;0;Getränke;SIGHI_FoodList_2024-08-29_p34_r39;
626;988;Urotropin, Hexamethylentetramin, Methenamin,;2;Getränke;SIGHI_FoodList_2024-08-29_p34_r53;608
627;989;Vanillin (synthetisch), Vanillinzucker;0;Getränke;SIGHI_FoodList_2024-08-29_p34_r55;
628;997;Weizenkleber, Gluten;1;Getränke;SIGHI_FoodList_2024-08-29_p35_r21;606
629;999;Zellulose, Cellulose, mikrokristalline Cellulose,;0;Getränke;SIGHI_FoodList_2024-08-29_p35_r23;
630;1003;Zuckercouleur: Ammoniak-Zuckerkulör, E150c;0;Getränke;SIGHI_FoodList_2024-08-29_p35_r29;
631;1004;Zuckercouleur: Ammoniumsulfit-Zuckerkulör, E150d;0;Getränke;SIGHI_FoodList_2024-08-29_p35_r30;
632;1005;Zuckercouleur: Sulfitlaugen-Zuckerkulör, E150b;0;Getränke;SIGHI_FoodList_2024-08-29_p35_r31;
633;1006;Calcium;1;Getränke;SIGHI_FoodList_2024-08-29_p35_r33;
634;1007;Calcium, Kalzium;1;Getränke;SIGHI_FoodList_2024-08-29_p35_r35;
635;1008;Folsäure, Folat, Vitamin B9;2;Getränke;SIGHI_FoodList_2024-08-29_p35_r37;
636;1009;Guaraná (Paullinia cupana);2;Getränke;SIGHI_FoodList_2024-08-29_p35_r39;
637;1010;Iod, Jod;3;Getränke;SIGHI_FoodList_2024-08-29_p35_r40;
638;1011;Jodsalz, Iodsalz (Jodzusatz in Form von Kaliumiodid,;2;Getränke;SIGHI_FoodList_2024-08-29_p35_r41;
639;1012;Jodtabletten für den atomaren Störfall;3;Getränke;SIGHI_FoodList_2024-08-29_p35_r43;
640;1013;Kaliumiodat, Kaliumjodat;3;Getränke;SIGHI_FoodList_2024-08-29_p35_r44;
641;1014;Kaliumiodid, Kaliumjodid;3;Getränke;SIGHI_FoodList_2024-08-29_p35_r45;
642;1015;Kalzium, Calcium;1;Getränke;SIGHI_FoodList_2024-08-29_p35_r46;634
643;1016;Kochsalz iodiert / jodiert;2;Getränke;SIGHI_FoodList_2024-08-29_p35_r48;
644;1017;Tannenschoss, Tannenknospen;0;Getränke;SIGHI_FoodList_2024-08-29_p35_r49;
645;1018;Theobromin;2;Getränke;SIGHI_FoodList_2024-08-29_p35_r50;
646;1019;Gerstenmalzmehl, Malzmehl;0;Getränke;SIGHI_FoodList_2024-08-29_p36_r13;
647;1020;Kimchi;2;Getränke;SIGHI_FoodList_2024-08-29_p36_r15;
648;1021;"Lakritze, ""Bärendreck""";2;Getränke;SIGHI_FoodList_2024-08-29_p36_r17;
649;1022;Malzmehl, Gerstenmalzmehl;0;Getränke;SIGHI_FoodList_2024-08-29_p36_r18;646
650;1023;Marzipan;1;Getränke;SIGHI_FoodList_2024-08-29_p36_r20;
651;1024;Schokolade, braun / schwarz / dunkel;2;Getränke;SIGHI_FoodList_2024-08-29_p36_r22;
652;1025;Schokolade, weiss;1;Getränke;SIGHI_FoodList_2024-08-29_p36_r23;
653;1026;Seitan;1;Getränke;SIGHI_FoodList_2024-08-29_p36_r24;
654;1027;Senf (Zubereitung);2;Getränke;SIGHI_FoodList_2024-08-29_p36_r25;
655;1028;Tofu;2;Getränke;SIGHI_FoodList_2024-08-29_p36_r26;
656;1029;weiße Schokolade;1;Getränke;SIGHI_FoodList_2024-08-29_p36_r27;
