bls_code,name_de,type,allergens,sighi,fodmap
# === KATEGORIE C: Getreide & Getreideprodukte ===
C131000,"Hafer ganzes Korn, roh",RAW,[GLUTEN],0,[FRUCTAN]
C133000,"Hafer Flocken",RAW,[GLUTEN],0,[FRUCTAN]
C141000,"Gerste ganzes Korn, roh",RAW,[GLUTEN],0,[FRUCTAN]
C243000,"Gerste Mehl",RAW,[GLUTEN],0,[FRUCTAN]
C341000,"Mais roh",RAW,[],0,[]
C443000,"Mais Mehl",RAW,[],0,[]
C352000,"Reis poliert, roh",RAW,[],0,[]
C359000,"Reis parboiled, poliert, roh",RAW,[],0,[]
# === KATEGORIE E: Teigwaren ===
E401000,"Teigwaren eifrei, roh",RAW,[GLUTEN],0,[]
E510000,"Vollkornteigwaren eifrei, roh",RAW,[GLUTEN],0,[FRUCTAN]
# === KATEGORIE F: Obst ===
F301100,"Erdbeere roh",RAW,[],2,"[FRUCTAN,SORBIT]"
F302100,"Himbeere roh",RAW,[],2,[FRUCTAN]
F331100,"Maulbeere roh",RAW,[],0,[]
# === KATEGORIE G: Gemüse ===
G130100,"Rucola roh",RAW,[],2,[]
G420100,"Stielmus/Rübstiel, roh",RAW,[],0,[]
G541100,"Gemüsepaprika grün, roh",RAW,[],0,[FRUCTAN]
G543100,"Gemüsepaprika rot, roh",RAW,[],0,[FRUCTAN]
G611100,"Kohlrübe/Steckrübe, roh",RAW,[],0,[]
G660100,"Knollensellerie roh",RAW,[],0,[MANNIT]
G614100,"Weiße Rübe/Wasserrübe/Herbstrübe, roh",RAW,[],0,[]
# === KATEGORIE H: Sprossen, Tofu ===
H640100,"Alfalfasprossen/Alfalfakeimlinge, roh",RAW,[],0,[]
H662100,"Linsensprossen/Linsenkeimlinge, roh",RAW,[],0,[GOS]
H861000,"Tofu",RAW,[SOY],2,[GOS]
H861100,"Seidentofu",RAW,[SOY],2,[GOS]
# === KATEGORIE M: Milchprodukte ===
M012100,"Roquefort mind. 50 % Fett i. Tr.",RAW,[LACTOSE],2,[LACTOSE]
M5B1600,"Gorgonzola mind. 48 % Fett i. Tr.",RAW,[LACTOSE],2,[LACTOSE]
M881000,"Milchpulver mit hohem Fettgehalt (Sahnepulver, Rahmpulver)",RAW,[LACTOSE],0,[LACTOSE]
M882000,"Vollmilchpulver",RAW,[LACTOSE],0,[LACTOSE]
M884000,"Magermilchpulver",RAW,[LACTOSE],0,[LACTOSE]
M886000,"Buttermilchpulver",RAW,[LACTOSE],0,[LACTOSE]
# === KATEGORIE N: Kaffeeersatz ===
N500900,"Kaffeeersatzpulver",COMPOSED,,,
N540900,"Zichorienkaffeepulver",RAW,[],0,[FRUCTAN]
# === KATEGORIE P: Alkoholische Getränke ===
P353100,"Apfelwein",RAW,[],2,"[FRUCTOSE,SORBIT]"
P752100,"Obstbrand/Obstwasser",RAW,[],3,[]
P712000,"Wodka",RAW,[GLUTEN],3,[]
P741000,"Rum 37,5/40 % vol",RAW,[],3,[]
# === KATEGORIE S: Süßungsmittel ===
S120000,"Honig",RAW,[],0,[FRUCTAN]
S121000,"Blütenhonig (Nektarhonig)",RAW,[],0,[FRUCTAN]
# === KATEGORIE T: Fisch (roh) ===
T102100,"Hering roh",RAW,[FISH],0,[]
T302100,"Steinbutt roh",RAW,[FISH],0,[]
T306100,"Heilbutt/Weißer Heilbutt, roh",RAW,[FISH],0,[]
T501100,"Karpfen roh",RAW,[FISH],0,[]
T502100,"Blei/Brachsen/Brasse, roh",RAW,[FISH],0,[]
T601100,"Barsch/Flussbarsch, roh",RAW,[FISH],0,[]
T615100,"Rotbarsch/Goldbarsch, roh",RAW,[FISH],0,[]
T730100,"Hummer roh",RAW,[CRUSTACEAN],0,[]
T753100,"Garnele/Granat/Krabbe, roh",RAW,[CRUSTACEAN],0,[]
T780100,"Europäische Auster roh",RAW,[MOLLUSC],0,[]
T792100,"Miesmuschel roh",RAW,[MOLLUSC],0,[]
# === KATEGORIE U: Schwein, Schaf (roh) ===
U505100,"Schwein Fettwamme, geringer Magerfleischanteil roh",RAW,[],1,[]
U805800,"Schaf Fettgewebe, intermuskulär roh",RAW,[],0,[]
U852100,"Schaf Brust, mittelfett, roh",RAW,[],0,[]
U853100,"Schaf Brust, fett, roh",RAW,[],0,[]
U861100,"Schaf Bug/Schulter, mager, roh",RAW,[],0,[]
U891100,"Schaf Hinterhaxe, mager, roh",RAW,[],0,[]
# === KATEGORIE V: Kaninchen, Wild, Innereien ===
V132100,"Kaninchen Fleisch, roh",RAW,[],0,[]
V232100,"Hase Fleisch, roh",RAW,[],0,[]
V523100,"Schwein Hirn, roh",RAW,[],0,[]
V524100,"Schaf Hirn, roh",RAW,[],0,[]
# === KATEGORIE C (Fortsetzung — verstreut): Getreide ===
C232000,"Hafer Schrot",RAW,[GLUTEN],0,[FRUCTAN]
C137000,"Hafer Grütze",RAW,[GLUTEN],0,[FRUCTAN]
C233000,"Hafer Mehl",RAW,[GLUTEN],0,[FRUCTAN]
C138000,"Hafer Kleie",RAW,[GLUTEN],0,[FRUCTAN]
C148000,"Gerste Graupen",RAW,[GLUTEN],0,[FRUCTAN]
C242000,"Gerste Schrot",RAW,[GLUTEN],0,[FRUCTAN]
C147000,"Gerste Grütze",RAW,[GLUTEN],0,[FRUCTAN]
C143000,"Gerste Flocken",RAW,[GLUTEN],0,[FRUCTAN]
C146000,"Gerste Grieß",RAW,[GLUTEN],0,[FRUCTAN]
C446000,"Mais Stärke",RAW,[],0,[]
C453000,"Reis Mehl",RAW,[],0,[]
C351000,"Reis unpoliert, roh",RAW,[],0,[]
C346000,"Mais Grieß",RAW,[],0,[]
C347000,"Mais Grütze",RAW,[],0,[]
# === KATEGORIE E (Fortsetzung) ===
E432000,"Eierteigwaren roh",RAW,"[GLUTEN,EGG]",2,[]
# === KATEGORIE F (Fortsetzung) ===
F409100,"Wald-Erdbeere roh",RAW,[],2,"[FRUCTAN,SORBIT]"
F306100,"Loganbeere roh",RAW,[],0,[FRUCTAN]
F303100,"Brombeere roh",RAW,[],0,[FRUCTAN]
F408000,"Moltebeere roh",RAW,[],0,[FRUCTAN]
F321100,"Johannisbeere rot, roh",RAW,[],0,[FRUCTAN]
F307100,"Boysenbeere roh",RAW,[],0,[FRUCTAN]
F304100,"Heidelbeere roh",RAW,[],0,[FRUCTAN]
F411100,"Wald-Himbeere roh",RAW,[],2,[FRUCTAN]
# === KATEGORIE G (Fortsetzung) ===
G553100,"Pfefferschote grün, roh",RAW,[],0,[]
G542100,"Gemüsepaprika gelb, roh",RAW,[],0,[FRUCTAN]
G554100,"Pfefferschote rot, roh",RAW,[],0,[]
# === KATEGORIE H (Fortsetzung) ===
H650100,"Mungbohnensprossen/Mungbohnenkeimlinge, roh",RAW,[],0,[GOS]
H620100,"Sojabohnensprossen/Sojabohnenkeimlinge, roh",RAW,[SOY],0,[GOS]
# === KATEGORIE M (Fortsetzung) ===
M012200,"Feta mind. 45 % Fett i. Tr.",RAW,[LACTOSE],1,[LACTOSE]
M502700,"Edelpilzkäse mind. 50 % Fett i. Tr.",RAW,[LACTOSE],2,[LACTOSE]
M502600,"Edelpilzkäse mind. 45 % Fett i. Tr.",RAW,[LACTOSE],2,[LACTOSE]
M502800,"Edelpilzkäse mind. 60 % Fett i. Tr.",RAW,[LACTOSE],2,[LACTOSE]
M887000,"Süßmolkenpulver",RAW,[LACTOSE],0,[LACTOSE]
# === KATEGORIE P (Fortsetzung) ===
P350000,"Fruchtwein (Obstwein)",RAW,[],3,[FRUCTAN]
P355000,"Most",RAW,[],0,"[FRUCTOSE,SORBIT]"
P733000,"Whisky/Whiskey",RAW,[GLUTEN],3,[]
P742000,"Arrak",RAW,[],3,[]
P743000,"Rum 80 % vol",RAW,[],3,[]
P7A4000,"Agavenbrand (Mezcal/Tequila)",RAW,[],3,[]
P740000,"Brand aus Zuckerrohr (Cachaca)",RAW,[],3,[]
P640000,"Calvados",RAW,[],3,"[FRUCTOSE,SORBIT]"
P7A3000,"Spirituosen mit Kümmel/Aquavit",RAW,[],3,[]
P754100,"Obstgeist",RAW,[],3,[]
# === KATEGORIE C (Fortsetzung) ===
C549000,"Gerstenmalzextrakt",RAW,[GLUTEN],2,[FRUCTAN]
# === KATEGORIE S (Fortsetzung) ===
S122000,"Honigtauhonig (Waldhonig)",RAW,[],0,[FRUCTAN]
# === KATEGORIE T (Fortsetzung) ===
T105100,"Sardine roh",RAW,[FISH],0,[]
T033000,"Schillerlocken (Dornhai, Bauchlappen, heiß geräuchert)",RAW,[FISH],3,[]
T106100,"Sprotte roh",RAW,[FISH],0,[]
T305100,"Goldbutt/Scholle, roh",RAW,[FISH],0,[]
T307100,"Schwarzer Heilbutt roh",RAW,[FISH],0,[]
T604100,"Katfisch/Steinbeißer, roh",RAW,[FISH],0,[]
T512100,"Schleie roh",RAW,[FISH],0,[]
T506100,"Wels roh",RAW,[FISH],0,[]
T507100,"Pangasius/Schlankwels, roh",RAW,[FISH],0,[]
T603100,"Zander roh",RAW,[FISH],0,[]
T633100,"Meeräsche roh",RAW,[FISH],0,[]
T617100,"Schafskopf (Meerbrasse) roh",RAW,[FISH],0,[]
T710100,"Edelkrebs/Flusskrebs, roh",RAW,[CRUSTACEAN],0,[]
T720100,"Languste roh",RAW,[CRUSTACEAN],0,[]
T791100,"Große Sandklaffmuschel roh",RAW,[MOLLUSC],0,[]
T797100,"Venusmuschel roh",RAW,[MOLLUSC],0,[]
T793100,"Pilgermuschel/Jakobsmuschel, roh",RAW,[MOLLUSC],0,[]
# === KATEGORIE U (Fortsetzung) ===
U605000,"Schwein Rückenspeck, kernig, roh",RAW,[],1,[]
U605700,"Schwein Speck, ohne Schwartenzug roh",RAW,[],1,[]
U605800,"Schwein Fettabschnitte, geringer Schwartenzug roh",RAW,[],1,[]
U807100,"Lamm Fettgewebe, intermuskulär roh",RAW,[],0,[]
U783100,"Schaf Kochfleisch (Brust, fett) roh",RAW,[],0,[]
U856100,"Hammel Brust, roh",RAW,[],0,[]
U857100,"Lamm Brust, roh",RAW,[],0,[]
U863100,"Schaf Bug/Schulter, fett, roh",RAW,[],0,[]
U867100,"Lamm Bug/Schulter, roh",RAW,[],0,[]
U751100,"Schaf Gulasch (Bug, mager) roh",RAW,[],0,[]
U771100,"Schaf Bratenfleisch (Bug, mager) roh",RAW,[],0,[]
U881100,"Schaf Keule, mager, roh",RAW,[],0,[]
U871100,"Schaf Vorderhaxe, mager, roh",RAW,[],0,[]
# === KATEGORIE V (Fortsetzung) ===
V242100,"Wildkaninchen Fleisch, roh",RAW,[],0,[]
V526100,"Hammel Hirn, roh",RAW,[],0,[]
# === KATEGORIE C (Fortsetzung) ===
C136000,"Hafer Grieß",RAW,[GLUTEN],0,[FRUCTAN]
C353100,"Wildreis roh",RAW,[],0,[]
C216000,"Weizen Stärke",RAW,[GLUTEN],0,[]
C456000,"Reis Stärke",RAW,[],0,[]
C356000,"Reis Grieß",RAW,[],0,[]
C559000,"Reisnudeln roh",RAW,[],0,[]
# === KATEGORIE H (Fortsetzung) ===
H030400,"Glasnudeln aus Mungbohnenstärke, roh",RAW,[],0,[]
# === KATEGORIE K: Kartoffeln, Stärke ===
K230000,"Kartoffelstärke (Kartoffelmehl)",RAW,[],0,[]
# === ERSTE COMPOSED! KATEGORIE E ===
E609200,"Eierteigwaren Tortellini (Fleischfüllung) getrocknet",COMPOSED,,,
E609100,"Eierteigwaren Tortelloni (Ricotta-Spinat-Füllung) getrocknet",COMPOSED,,,
# === KATEGORIE F (Fortsetzung) ===
F413100,"Wald-Brombeere roh",RAW,[],0,[FRUCTAN]
F407100,"Moosbeere roh",RAW,[],0,[FRUCTAN]
F401100,"Preiselbeere roh",RAW,[],0,[FRUCTAN]
F322100,"Johannisbeere weiß, roh",RAW,[],0,[FRUCTAN]
F323100,"Johannisbeere schwarz roh",RAW,[],0,[FRUCTAN]
# === KATEGORIE M (Fortsetzung) ===
M052000,"Salzlakenkäse aus Kuhmilch, Hirtenkäse, mind. 45 % Fett i. Tr.",RAW,[LACTOSE],1,[LACTOSE]
M3A4300,"Salzlakenkäse aus Schafmilch, mind. 20 % Fett i. Tr.",RAW,[LACTOSE],1,[LACTOSE]
M053000,"Salzlakenkäse aus Ziegenmilch, mind. 45 % Fett i. Tr.",RAW,[LACTOSE],1,[LACTOSE]
M6A6800,"Salzlakenkäse aus Schafmilch, mind. 45 % Fett i. Tr.",RAW,[LACTOSE],1,[LACTOSE]
M516700,"Danablu mind. 50 % Fett i. Tr.",RAW,[LACTOSE],2,[LACTOSE]
# === KATEGORIE P (Fortsetzung) ===
P721000,"Spirituosen mit Wacholder",RAW,[GLUTEN],3,[]
P7A1000,"Spirituosen mit Anis",RAW,[],3,[]
P730000,"Getreidebrand (Korn)",RAW,[GLUTEN],3,[]
P620000,"Weinbrand/Brandy",RAW,[],3,[]
P722000,"Gin",RAW,[GLUTEN],3,[]
# === KATEGORIE T (Fortsetzung) ===
T402100,"Stint roh",RAW,[FISH],0,[]
T104100,"Sardelle roh",RAW,[FISH],0,[]
T070100,"Seeteufel roh",RAW,[FISH],0,[]
T305200,"Goldbutt/Scholle, tiefgefroren",RAW,[FISH],0,[]
T311100,"Flunder roh",RAW,[FISH],0,[]
T600100,"Meerbarbe roh",RAW,[FISH],0,[]
T020100,"Tintenfisch roh",RAW,[MOLLUSC],0,[]
T309100,"Seezunge roh",RAW,[FISH],0,[]
T313100,"Rotzunge roh",RAW,[FISH],0,[]
# === KATEGORIE W: Wurstwaren (roh = unverarbeitetes Fleisch) ===
W412000,"Schwein Speck/Rückenspeck (grüner Speck) roh",RAW,[],0,[]
# === KATEGORIE U (Fortsetzung) ===
U205800,"Rind Fettgewebe, intermuskulär roh",RAW,[],0,[]
U753100,"Schaf Gulasch (Bug, fett) roh",RAW,[],0,[]
U773100,"Schaf Bratenfleisch (Bug, fett) roh",RAW,[],0,[]
U866100,"Hammel Bug/Schulter, roh",RAW,[],0,[]
U882100,"Schaf Keule, mittelfett, roh",RAW,[],0,[]
U741100,"Schaf Schnitzel (Keule, mager) roh",RAW,[],0,[]
U883100,"Schaf Keule, fett, roh",RAW,[],0,[]
U405800,"Kalb Fettgewebe, intermuskulär roh",RAW,[],0,[]
U892100,"Schaf Hinterhaxe, mittelfett, roh",RAW,[],0,[]
U742100,"Schaf Schnitzel (Keule, mittelfett) roh",RAW,[],0,[]
U886100,"Hammel Keule, roh",RAW,[],0,[]
U872100,"Schaf Vorderhaxe, mittelfett, roh",RAW,[],0,[]
# === KATEGORIE V (Fortsetzung) ===
V122100,"Ziege Fleisch, roh",RAW,[],0,[]
V050100,"Schnecken roh",RAW,[MOLLUSC],0,[]
# === KATEGORIE F (Fortsetzung) ===
F403100,"Schlehe roh",RAW,[],0,[FRUCTAN]
F406100,"Holunderbeere roh",RAW,[],0,[FRUCTAN]
# === KATEGORIE K (Fortsetzung) ===
K512000,"Tapioka/Tapiokastärke",RAW,[],0,[]
K213000,"Kartoffelpüree Instantpulver",RAW,[],0,[]
K550000,"Pfeilwurzelmehl/Marantastärke",RAW,[],0,[]
# === KATEGORIE P (Fortsetzung) ===
P610000,"Cognac",RAW,[],3,[]
P7A2000,"Spirituosen mit bitterem Geschmack (Bitter)",RAW,[],3,[]
# === KATEGORIE B: Brot & Backwaren (COMPOSED!) ===
B121000,"Roggenvollkornbrot",COMPOSED,,,
B271000,"Roggenmischbrot",COMPOSED,,,
B311000,"Weizenbrot/Weißbrot",COMPOSED,,,
B511000,"Weizenbrötchen",COMPOSED,,,
# === KATEGORIE C (Fortsetzung) ===
C114000,"Weizen Keim",RAW,[GLUTEN],0,[FRUCTAN]
C118000,"Quinoa weiß, roh",RAW,[],0,[]
C211000,"Weizen Vollkornmehl",RAW,[GLUTEN],0,[FRUCTAN]
C212000,"Weizen Backschrot, Type 1700",RAW,[GLUTEN],0,[FRUCTAN]
C213100,"Weizen Mehl, Type 812",RAW,[GLUTEN],0,[FRUCTAN]
C213200,"Weizen Mehl, Type 1050",RAW,[GLUTEN],0,[FRUCTAN]
C213500,"Weizen Mehl, Type 1600",RAW,[GLUTEN],0,[FRUCTAN]
C214100,"Weizen Mehl, Type 405",RAW,[GLUTEN],0,[FRUCTAN]
C214200,"Weizen Mehl, Type 550",RAW,[GLUTEN],0,[FRUCTAN]
C217000,"Weizen Kleie",RAW,[GLUTEN],0,[FRUCTAN]
C223100,"Roggen Mehl, Type 815",RAW,[GLUTEN],0,[FRUCTAN]
C235000,"Dinkel Vollkornmehl",RAW,[GLUTEN],0,[FRUCTAN]
C322000,"Buchweizen roh",RAW,[],2,[]
C332000,"Hirse roh",RAW,[],0,[]
C515000,"Cornflakes gesüßt",COMPOSED,,,
C515400,"Cornflakes ungesüßt",RAW,[],0,[]
C532700,"Reiswaffeln ungesalzen",RAW,[],0,[]
C533100,"Maiswaffeln gesalzen",RAW,[],0,[]
# === KATEGORIE C (Fortsetzung) ===
C534300,"Cerealien extrudiert, gesüßt, ungefüllt, mit Frucht-/Honig-/Karamell-/Schokogeschmack",COMPOSED,,,
C534500,"Cerealien extrudiert, gesüßt, divers gefüllt",COMPOSED,,,
C537000,"Weizenpops/Weizen gepufft, gesüßt",COMPOSED,,,
C539100,"Cerealien aus Vollkornweizenschrot, gesüßt, ungefüllt, Natur/Frucht/Schokolade",COMPOSED,,,
C650000,"Reisdrink ungesüßt",RAW,[],1,[]
C660000,"Haferdrink ungesüßt",RAW,[GLUTEN],1,[]
# === KATEGORIE D: Dauerbackwaren, Snacks ===
D038000,"Zwieback eifrei",COMPOSED,,,
D064000,"Salzbrezeln/Salzstangen (Laugendauergebäck)",COMPOSED,,,
D630400,"Butterkekse/Butterplätzchen (Mürbeteig)",COMPOSED,,,
# === KATEGORIE E: Eier ===
E111100,"Hühnerei roh",RAW,[EGG],2,[]
E111500,"Hühnerei Pulver",RAW,[EGG],2,[]
E112100,"Hühnerei Eigelb, roh",RAW,[EGG],0,[]
E112400,"Hühnerei Eigelb, getrocknet",RAW,[EGG],0,[]
E113100,"Hühnerei Eiklar, roh",RAW,[EGG],2,[]
E113400,"Hühnerei Eiklar, getrocknet",RAW,[EGG],2,[]
# === KATEGORIE F: Obst (Fortsetzung) ===
F081100,"Rhabarber roh",RAW,[],1,[FRUCTAN]
F110100,"Apfel roh",RAW,[],0,"[FRUCTOSE,SORBIT]"
F110400,"Apfel getrocknet",RAW,[],0,"[FRUCTOSE,SORBIT]"
F201100,"Aprikose roh",RAW,[],0,[SORBIT]
F201400,"Aprikose getrocknet",RAW,[],0,[SORBIT]
F203902,"Pfirsich gezuckert, Konserve, abgetropft",COMPOSED,,,
F212902,"Sauerkirsche gezuckert, Konserve, abgetropft",COMPOSED,,,
F220400,"Pflaume getrocknet",RAW,[],0,[SORBIT]
F402100,"Hagebutte roh",RAW,[],0,[]
F405100,"Sanddornbeere roh",RAW,[],0,[]
F414400,"Cranberries getrocknet, gezuckert",COMPOSED,,,
F501902,"Ananas gezuckert, Konserve, abgetropft",COMPOSED,,,
F502100,"Avocado roh",RAW,[],2,[SORBIT]
F503100,"Banane roh",RAW,[],2,[FRUCTAN]
F504400,"Dattel getrocknet",RAW,[],0,[]
F505100,"Feige roh",RAW,[],0,[]
F505400,"Feige getrocknet",RAW,[],0,[]
F506100,"Granatapfel roh",RAW,[],0,[]
F507100,"Kaki roh",RAW,[],0,"[FRUCTAN,SORBIT]"
F508100,"Maracuja/Passionsfrucht, roh",RAW,[],0,[]
F511100,"Acerola roh",RAW,[],0,[]
F514100,"Kiwi roh",RAW,[],2,[]
F515100,"Litschi roh",RAW,[],0,[]
F516100,"Mango roh",RAW,[],1,[]
F517100,"Papaya roh",RAW,[],2,[]
F523100,"Brotfrucht roh",RAW,[],0,[]
F532100,"Netzmelone/Cantaloupmelone, roh",RAW,[],0,[]
F549100,"Jackfrucht roh",RAW,[],0,[]
F553100,"Karambole/Sternfrucht, roh",RAW,[],0,[]
F556100,"Kaktusfeige roh",RAW,[],0,[]
F563100,"Feijoa/Ananas-Guave, roh",RAW,[],0,[]
F603600,"Orangensaft",RAW,[],3,[]
F606902,"Mandarine gezuckert, Konserve, abgetropft",COMPOSED,,,
F850100,"Bananenchips frittiert, gesüßt",COMPOSED,,,
# === KATEGORIE G: Gemüse (Fortsetzung) ===
G061000,"Basilikum roh",RAW,[],0,[]
G081100,"Schnittlauch roh",RAW,[],0,[FRUCTAN]
G081400,"Schnittlauch getrocknet",RAW,[],0,[FRUCTAN]
G104100,"Feldsalat/Rapunzel, roh",RAW,[],0,[]
G105100,"Kopfsalat roh",RAW,[],0,[]
# === KATEGORIE H: Hülsenfrüchte, Nüsse ===
H110600,"Erdnuss geröstet",RAW,[PEANUT],2,[GOS]
# === KATEGORIE G: Gemüse (Fortsetzung) ===
G106100,"Radicchio roh",RAW,[],0,[]
G107100,"Römischer Salat/Romanasalat, roh",RAW,[],0,[]
G211100,"Spinat roh",RAW,[],2,[]
G250400,"Petersilienblatt getrocknet",RAW,[],0,[]
G261100,"Brennnessel roh",RAW,[],0,[]
G262100,"Löwenzahn roh",RAW,[],0,[]
G263100,"Sauerampfer roh",RAW,[],0,[]
G280100,"Gartenkresse roh",RAW,[],0,[]
G311100,"Blumenkohl roh",RAW,[],0,[MANNIT]
G312100,"Broccoli roh",RAW,[],0,[]
G341100,"Rotkohl roh",RAW,[],0,[FRUCTAN]
G341900,"Rotkohlgemüse (küchenfertig) Konserve",RAW,[],0,[FRUCTAN]
G342100,"Weißkohl roh",RAW,[],0,[FRUCTAN]
G345902,"Sauerkraut Konserve, abgetropft",RAW,[],3,[FRUCTAN]
G431100,"Fenchelblatt/Bologneser Fenchel, roh",RAW,[],0,[]
G450100,"Spargel roh",RAW,[],0,[]
G470100,"Porree/Lauch, roh",RAW,[],1,[FRUCTAN]
G530100,"Okra roh",RAW,[],0,[]
G561100,"Tomate roh",RAW,[],2,[]
G570100,"Zuckermais roh",RAW,[],0,[]
G570902,"Zuckermais Konserve, abgetropft",RAW,[],0,[]
G581100,"Kürbis Pumpkin (C. pepo) roh",RAW,[],0,[]
G582100,"Zucchini roh",RAW,[],0,[]
G613100,"Rote Rübe/Rote Bete, roh",RAW,[],0,[]
G620100,"Karotte/Möhre, roh",RAW,[],0,[]
G890702,"Salzgurke/Salzdillgurke, milchsauer fermentiert, abgetropft",RAW,[],2,[]
G995000,"Nori-Blatt geröstet",RAW,[],3,[]
# === KATEGORIE H: Hülsenfrüchte, Nüsse, Sojaprodukte (Fortsetzung) ===
H012000,"Sojalecithin",RAW,[SOY],0,[]
H880200,"Erdnussbutter/Erdnusscreme",RAW,[PEANUT],2,[GOS]
H130100,"Haselnuss",RAW,[NUT],1,[GOS]
H150100,"Kokos Fruchtfleisch, roh",RAW,[],0,[]
H150400,"Kokos Fruchtfleisch, geraspelt, getrocknet",RAW,[],0,[]
H151000,"Kokoswasser (Fruchtwasser)",RAW,[],0,[]
H170100,"Cashewkern",RAW,[NUT],2,[GOS]
H180100,"Paranuss",RAW,[NUT],2,[GOS]
H230100,"Edelkastanie/Marone",RAW,[NUT],0,[]
H250600,"Pistazie geröstet ohne Fett",RAW,[NUT],0,[GOS]
H310100,"Kürbiskern",RAW,[],0,[]
H739400,"Gartenbohne reif",RAW,[],0,[GOS]
H765000,"Sojaschnetzel/Sojagranulat, texturiert, trocken",RAW,[SOY],2,[GOS]
H770100,"Mungbohne reif",RAW,[],0,[GOS]
H800000,"Mandeldrink ungesüßt",RAW,[NUT],1,[]
H843200,"Dessert/Puddingalternative, pflanzlich",COMPOSED,,,
H844000,"Soja-Joghurtalternative ungesüßt",RAW,[SOY],0,[GOS]
H845000,"Sojakochcreme",COMPOSED,,,
H862200,"Miso/Sojabohnenpaste",RAW,[SOY],3,[GOS]
H880100,"Sonnenblumenkernaufstrich, Brotaufstrich pflanzlich",RAW,[],0,[]
H910300,"Vegetarische Bratwurst (aus Tofu und Weizenprotein)",COMPOSED,,,
H910400,"Veganes Schnitzel",COMPOSED,,,
H930000,"Veganer Aufschnitt (Wurstalternative)",COMPOSED,,,
H930200,"Vegetarischer Aufschnitt (Wurstalternative, mit Ei)",COMPOSED,,,
# === KATEGORIE K: Kartoffeln, Knollen (Fortsetzung) ===
K110100,"Kartoffel geschält, roh",RAW,[],0,[]
K280100,"Kartoffelchips/Stapelchips, diverse Sorten",COMPOSED,,,
K410100,"Maniok/Cassava, roh",RAW,[],0,[]
K420100,"Batate/Süßkartoffel, roh",RAW,[],0,[MANNIT]
K430100,"Topinambur/Erdartischocke, roh",RAW,[],0,[]
K440100,"Yamswurzel roh",RAW,[],0,[]
# === KATEGORIE K: Pilze ===
K701100,"Champignon roh",RAW,[],1,[MANNIT]
K703100,"Morchel roh",RAW,[],0,[MANNIT]
K713100,"Pfifferling roh",RAW,[],0,[MANNIT]
K724100,"Shiitakepilz roh",RAW,[],0,[MANNIT]
K740100,"Austernpilz roh",RAW,[],0,[MANNIT]
K820000,"Vegetarische Pastete, Brotaufstrich hefebasiert",COMPOSED,,,
# === KATEGORIE M: Milch & Milchprodukte ===
M111200,"Milch fettarm, frisch, 1,5 % Fett, pasteurisiert",RAW,[LACTOSE],0,[LACTOSE]
M111300,"Vollmilch frisch, 3,5 % Fett, pasteurisiert",RAW,[LACTOSE],0,[LACTOSE]
M112300,"Rohmilch/Vorzugsmilch, mind. 3,5 % Fett",RAW,[LACTOSE],0,[LACTOSE]
M113200,"H-Milch fettarm, 1,5 % Fett, ultrahocherhitzt",RAW,[LACTOSE],0,[LACTOSE]
M113300,"H-Vollmilch 3,5 % Fett, ultrahocherhitzt",RAW,[LACTOSE],0,[LACTOSE]
M141300,"Joghurt mild, mind. 3,5 % Fett",RAW,[LACTOSE],1,[LACTOSE]
M173900,"Schlagsahne mind. 36 % Fett",RAW,[LACTOSE],0,[LACTOSE]
M181100,"Kondensmagermilch max. 1 % Fett, gezuckert",RAW,[LACTOSE],0,[LACTOSE]
M181400,"Kondensmilch mind. 8 % Fett, gezuckert",RAW,[LACTOSE],0,[LACTOSE]
M182500,"Kondensmilch 10 % Fett",RAW,[LACTOSE],0,[LACTOSE]
M241100,"Joghurt mild, max. 1 % Fett, mit Fruchtzubereitung, gesüßt",COMPOSED,,,
M241300,"Joghurt mild, max. 3,8 % Fett, mit Fruchtzubereitung, gesüßt",COMPOSED,,,
M304600,"Emmentaler mind. 45 % Fett i. Tr.",RAW,[LACTOSE],3,[]
M400600,"Schnittkäse mind. 45 % Fett i. Tr.",RAW,[LACTOSE],2,[]
M402600,"Gouda 48 % Fett i. Tr.",RAW,[LACTOSE],2,[]
M500600,"Schnittkäse halbfest mind. 45 % Fett i. Tr.",RAW,[LACTOSE],2,[]
M601800,"Brie mind. 60 % Fett i. Tr.",RAW,[LACTOSE],1,[]
M602600,"Camembert mind. 45 % Fett i. Tr.",RAW,[LACTOSE],1,[]
M603500,"Limburger mind. 40 % Fett i. Tr.",RAW,[LACTOSE],2,[]
M6A3700,"Schnittkäse aus Ziegenmilch, mind. 50 % Fett i. Tr.",RAW,[LACTOSE],2,[]
M6A9600,"Weichkäse aus Ziegenmilch, mind. 45 % Fett i. Tr.",RAW,[LACTOSE],1,[]
M710800,"Frischkäsezubereitung Natur, mind. 60 % Fett i. Tr.",RAW,[LACTOSE],0,[LACTOSE]
M713100,"Speisequark Magerstufe, Magerquark < 10 % Fett i. Tr.",RAW,[LACTOSE],0,[LACTOSE]
M7A1600,"Frischkäse aus Ziegenmilch, Natur, mind. 45 % Fett i. Tr.",RAW,[LACTOSE],0,[LACTOSE]
M810600,"Schmelzkäsezubereitung 45 - 52 % Fett i. Tr.",COMPOSED,,,
M827800,"Frischkäsezubereitung mind. 60 % Fett i. Tr., mit Gemüse/Kräutern",COMPOSED,,,
# === KATEGORIE N: Getränke (alkoholfrei) ===
N019000,"Eistee mit Zitronen-/Pfirsichgeschmack, gesüßt",COMPOSED,,,
N110000,"Trinkwasser",RAW,[],0,[]
N410100,"Kaffee (Getränk)",RAW,[],1,[]
N420100,"Kaffee (Getränk) aus Instantpulver",RAW,[],1,[]
N420900,"Instantkaffeepulver",RAW,[],1,[]
N503900,"Cappuccino Instantpulver, gesüßt",COMPOSED,,,
N610100,"Grüntee (Getränk)",RAW,[],1,[]
N630000,"Schwarztee (Getränk)",RAW,[],2,[]
P122000,"Malzgetränk, alkoholfrei",RAW,[],0,[]
# === KATEGORIE P: Bier ===
P150000,"Weizenbier kristallklar",RAW,[GLUTEN],2,[FRUCTAN]
P151100,"Hefeweizen/Weizenbier, naturtrüb",RAW,[GLUTEN],2,[FRUCTAN]
P162000,"Export hell",RAW,[GLUTEN],2,[]
P163000,"Pilsner Bier",RAW,[GLUTEN],2,[]
P167000,"Schwarzbier",RAW,[GLUTEN],2,[]
# === KATEGORIE P: Wein & Sekt ===
P210000,"Weißwein trocken",RAW,[SULFITE],2,[]
P220000,"Weißwein halbtrocken",RAW,[SULFITE],2,[]
P253000,"Rotwein halbtrocken",RAW,[SULFITE],3,[]
P2A3000,"Rotwein trocken",RAW,[SULFITE],3,[]
P2A6000,"Qualitätsschaumwein, Sekt, trocken",RAW,[SULFITE],3,[]
P2B1100,"Rosewein lieblich",RAW,[SULFITE],2,[]
# === KATEGORIE Q: Öle & Fette ===
Q140000,"Haselnussöl",RAW,[NUT],0,[]
Q190000,"Mandelöl",RAW,[NUT],0,[]
Q250000,"Kürbiskernöl",RAW,[],0,[]
Q611000,"Butter mild gesäuert",RAW,[LACTOSE],0,[]
Q730000,"Fischleberöl/Lebertran",RAW,[FISH],0,[]
Q890000,"Rinderfett/Rindertalg",RAW,[],0,[]
Q901000,"Tahin (Sesammus)",RAW,[SESAME],1,[]
# === KATEGORIE R: Würzmittel, Zusatzstoffe, Hilfsmittel ===
R111000,"Speisesalz/Siedesalz/Tafelsalz",RAW,[],0,[]
R118000,"Nitritpökelsalz",RAW,[],0,[]
R118100,"Nitritpökelsalz jodiert",RAW,[],0,[]
R123100,"Apfelessig",RAW,[],1,[]
R132000,"Senf mittelscharf",RAW,[MUSTARD],2,[]
R141100,"Tomatenketchup",COMPOSED,,,
R143000,"Sojasauce/Sojasoße",RAW,[SOY],3,[GOS]
R148600,"Feinkostsauce/Grillsauce, Mayonnaise-Basis",COMPOSED,,,
R172000,"Glutamat/Mononatriumglutamat/Natriumglutamat",RAW,[],2,[]
R231000,"Basilikum getrocknet",RAW,[],0,[]
R258100,"Pfeffer schwarz, getrocknet",RAW,[],0,[]
R411000,"Kutterhilfsmittel (E 450)",RAW,[],0,[]
R421100,"Backpulver",COMPOSED,,,
R421200,"Hirschhornsalz (Ammoniumhydrogencarbonat, E 503)",RAW,[],0,[]
R421300,"Pottasche (99 % Kaliumcarbonat, E 501)",RAW,[],0,[]
R434000,"Sahnestandmittel",COMPOSED,,,
R458000,"Backhefe getrocknet (Trockenbackhefe)",RAW,[],1,[]
R459000,"Backhefe frisch (Frischbackhefe)",RAW,[],1,[]
R466000,"Apfelpektin getrocknet",RAW,[],0,[]
R468000,"Gelatine/Speisegelatine",RAW,[],0,[]
R551000,"Milchsäure 80 % (E 270)",RAW,[],0,[]
R552000,"Citronensäure/Zitronensäure (E 330)",RAW,[],0,[]
R553000,"Ascorbinsäure (E 300)",RAW,[],0,[]
R554000,"Essigsäure 60 % (E 260)",RAW,[],0,[]
R811000,"Fleisch Bouillon/Brühe/Suppe (Brühwürfel, Pulver)",COMPOSED,,,
R821000,"Gemüse Bouillon/Brühe/Suppe (Brühwürfel, Pulver)",COMPOSED,,,
R822000,"Hühner Bouillon/Brühe/Suppe (Brühwürfel, Pulver)",COMPOSED,,,
# === KATEGORIE S: Zucker, Süßwaren, Eis ===
S111000,"Zucker weiß (Raffinadezucker/Weißzucker)",RAW,[],0,[]
S112000,"Zucker braun (Kandisfarin/Rohzucker)",RAW,[],0,[]
S115100,"Traubenzucker (Dextrose/Glukose)",RAW,[],0,[]
S116000,"Milchzucker (Laktose)",RAW,[LACTOSE],0,[LACTOSE]
S117000,"Malzzucker (Maltose)",RAW,[GLUTEN],0,[]
S118000,"Fruchtzucker (Fruktose)",RAW,[],0,[FRUCTOSE]
S145000,"Nuss-Nougat-Creme",COMPOSED,,,
S151000,"Glukosesirup maltosehaltig",RAW,[],0,[]
S162000,"Sorbit Pulver (E 420)",RAW,[],0,[SORBIT]
S163000,"Xylit Pulver (E 967)",RAW,[],0,[]
S164000,"Mannit Pulver (E 421)",RAW,[],0,[MANNIT]
S170000,"Tafelsüße Tabletten (Süßstoffe: Cyclamat, Saccharin)",COMPOSED,,,
S171000,"Tafelsüße Flüssigsüße (Süßstoffe: Cyclamat, Saccharin)",COMPOSED,,,
S242000,"Schokoladeneis",COMPOSED,,,
S242300,"Walnusseis",COMPOSED,,,
S410000,"Lakritze",COMPOSED,,,
S581100,"Milchschokoladen-Riegel gefüllt mit Karamell, gerösteten Erdnüssen und Candycreme",COMPOSED,,,
S582200,"Schokoladen-Schaumkuss",COMPOSED,,,
S582500,"Milchschokoladen-Riegel gefüllt mit Candycreme/mit Candycreme und Karamell",COMPOSED,,,
S582600,"Vollmilchschokoladen-Riegel gefüllt mit Milchcreme",COMPOSED,,,
S711000,"Kakaopulver schwach entölt",RAW,[],2,[]
# === KATEGORIE T: Fisch (roh) ===
T041100,"Aal roh",RAW,[FISH],0,[]
T045100,"Dorschleber roh",RAW,[FISH],0,[]
T061100,"Hornfisch/Hornhecht, roh",RAW,[FISH],0,[]
T093100,"Kabeljaurogen roh",RAW,[FISH],0,[]
T107100,"Makrele roh",RAW,[FISH],0,[]
T204100,"Dorsch/Kabeljau, roh",RAW,[FISH],0,[]
T207100,"Köhler/Seelachs, roh",RAW,[FISH],0,[]
T410100,"Lachs roh",RAW,[FISH],0,[]
T410600,"Lachs geräuchert (Räucherlachs)",RAW,[FISH],3,[]
T422600,"Forelle geräuchert",RAW,[FISH],3,[]
T811100,"Matjesfilet (Heringsfilet) nordische Art",RAW,[FISH],3,[]
T822900,"Heringsfilet in Tomatencreme/Tomatensauce, Konserve",COMPOSED,,,
T890100,"Surimi (Krebsfleischimitat aus Fischmuskeleiweiß geformt)",COMPOSED,,,
T900262,"Tintenfischringe paniert, tiefgefroren, gebacken (Ofen)",COMPOSED,,,
# === KATEGORIE U: Schwein, Rind, Schaf (roh) ===
U020100,"Schwein Hackfleisch, roh",RAW,[],0,[]
U209100,"Rind Blut, roh",RAW,[],0,[]
U281100,"Rind Keule, roh",RAW,[],0,[]
U507100,"Schwein Fettbacke, ohne Schwartenzug (S VI) roh",RAW,[],1,[]
U508100,"Schwein Maske, ohne Mager- und Fettbacke (S XII) roh",RAW,[],1,[]
U605900,"Schwein Wamme, mittelfett, ohne Schwartenzug (S X) roh",RAW,[],1,[]
U608300,"Schwein Schwarte, gekocht",RAW,[],1,[]
U609100,"Schwein Blut, roh",RAW,[],1,[]
U611100,"Schwein Filet/Lende, roh",RAW,[],1,[]
U622100,"Schwein Kotelett (Rücken/cranial) roh",RAW,[],1,[]
U624100,"Schwein Kotelett (Rücken/caudal) roh",RAW,[],1,[]
U642100,"Schwein Bauch (wie gewachsen) roh",RAW,[],1,[]
U651100,"Schwein Brustspitze, roh",RAW,[],1,[]
U664100,"Schwein Dicker Bug (mit Fett und Schwarte) roh",RAW,[],0,[]
U665100,"Schwein Dünner Bug (ohne Fett und Schwarte) roh",RAW,[],0,[]
U666100,"Schwein Restbug (Teile) roh",RAW,[],0,[]
U672100,"Schwein Vordereisbein/Vorderhaxe, roh",RAW,[],0,[]
U681700,"Schwein Rohschinken, mager, Rohpökelware, geräuchert",RAW,[],3,[]
U682700,"Schwein Rohschinken, mit Fettrand, Rohpökelware, geräuchert",RAW,[],3,[]
U684100,"Schwein Nuss, roh",RAW,[],0,[]
U685100,"Schwein Hüfte/Schinkenspeck, roh",RAW,[],0,[]
U686100,"Schwein Unterschale (mit Rolle) roh",RAW,[],0,[]
U687000,"Schwein Oberschale (ohne Deckel) roh",RAW,[],0,[]
U693100,"Schwein Hintereisbein/Hinterhaxe, roh",RAW,[],0,[]
U821100,"Schaf Rücken, roh",RAW,[],0,[]
U831100,"Schaf Hals/Kamm/Nacken, roh",RAW,[],0,[]
U985200,"Rindfleischbrühe Konserve",COMPOSED,,,
# === KATEGORIE V: Geflügel, Innereien (roh) ===
V414100,"Hähnchen ganz, entbeint, mit Haut, roh",RAW,[],0,[]
V513100,"Schwein Herz, roh",RAW,[],2,[]
V522100,"Kalb Hirn, roh",RAW,[],0,[]
V531100,"Rind Leber, roh",RAW,[],2,[]
V532100,"Kalb Leber, roh",RAW,[],2,[]
V533100,"Schwein Leber, roh",RAW,[],2,[]
V541100,"Rind Lunge, roh",RAW,[],2,[]
V544100,"Schaf Lunge, roh",RAW,[],2,[]
V564100,"Schaf Milz, roh",RAW,[],2,[]
V565100,"Lamm Milz, roh",RAW,[],2,[]
V575100,"Lamm Niere, roh",RAW,[],2,[]
V584100,"Schaf Bries, roh",RAW,[],2,[]
V593100,"Schwein Zunge, roh",RAW,[],2,[]
V614100,"Hähnchen Herz, roh",RAW,[],2,[]
V634100,"Hähnchen Leber, roh",RAW,[],2,[]
# === KATEGORIE W: Wurstwaren ===
W231100,"Lyoner/Lyoner Wurst",RAW,[],3,[]
W233000,"Fleischkäse einfach, fein/Original Bayerischer Leberkäse fein",RAW,[],3,[]
W255400,"Bierwurst/Blasenwurst",RAW,[],3,[]
W310000,"Delikatess Leberwurst/Feine Leberwurst/Gutsleberwurst",RAW,[],3,[]
W331000,"Mettwurst gekocht",RAW,[],3,[]
W443000,"Lachsschinken, Rohpökelware, geräuchert",RAW,[],3,[]
# === KATEGORIE D: Dauerbackwaren ===
D650600,"Lebkuchen schokoliert",COMPOSED,,,
# === KATEGORIE X/Y: Brühen (flüssig) ===
X411243,"Hühnerbrühe",COMPOSED,,,
X416243,"Gemüsebrühe",COMPOSED,,,
X4A1000,"Fischbrühe",COMPOSED,,,
Y183013,"Fleischbrühe (Rind)",COMPOSED,,,
# === KATEGORIE H: Nüsse, Samen, Hülsenfrüchte (Fortsetzung) ===
H120100,"Walnuss",RAW,[NUT],3,[GOS]
H410100,"Leinsamen",RAW,[],0,[]
H420100,"Sesam",RAW,[SESAME],1,[]
H430100,"Sonnenblumenkern",RAW,[],2,[]
H450100,"Mohn",RAW,[],1,[]
H510802,"Oliven grün, gesäuert, abgetropft",RAW,[],2,[]
H610100,"Bambussprossen roh",RAW,[],0,[]
H910500,"Vegetarische Wiener Würstchen",COMPOSED,,,
# === KATEGORIE S: Eis (Fortsetzung) ===
S241000,"Vanilleeis",COMPOSED,,,
# === KATEGORIE M: Milch (Fortsetzung) ===
M150000,"Buttermilch",RAW,[LACTOSE],1,[LACTOSE]
# === KATEGORIE G: Gemüse (Fortsetzung) ===
G250100,"Petersilienblatt roh",RAW,[],0,[]
G332100,"Rosenkohl roh",RAW,[],1,[FRUCTAN]
G480100,"Speisezwiebel roh",RAW,[],1,[FRUCTAN]
G510100,"Aubergine roh",RAW,[],2,[]
G520100,"Gurke roh",RAW,[],0,[]
G640100,"Pastinake roh",RAW,[],0,[]
G710100,"Bohne grün, roh",RAW,[],1,[GOS]
G730100,"Dicke Bohne unreif, roh",RAW,[],2,[GOS]
G760100,"Erbse grün, roh",RAW,[],1,[GOS]
G761100,"Zuckererbse roh",RAW,[],1,[]
# === KATEGORIE U: Schwein (Fortsetzung) ===
U632100,"Schwein Kamm, roh",RAW,[],1,[]
# === KATEGORIE B: Brot & Backwaren (Fortsetzung) ===
B122000,"Roggenvollkornschrotbrot",COMPOSED,,,
B783012,"Weizentortilla",COMPOSED,,,
B314000,"Weizentoastbrot/Buttertoastbrot",COMPOSED,,,
# === KATEGORIE C: Getreide & Mehle (Fortsetzung) ===
C530100,"Amaranth gepufft, ungesüßt",RAW,[],0,[]
C335000,"Amaranth roh",RAW,[],0,[]
C118100,"Quinoa tricolore, roh",RAW,[],0,[]
C530200,"Quinoa gepufft, ungesüßt",RAW,[],0,[]
C219000,"Hartweizen Vollkornmehl",RAW,[GLUTEN],1,[FRUCTAN]
C241000,"Einkorn Vollkornmehl",RAW,[GLUTEN],0,[FRUCTAN]
C531000,"Weizen gepufft, ungesüßt",RAW,[GLUTEN],1,[]
C240000,"Emmer Vollkornmehl",RAW,[GLUTEN],0,[FRUCTAN]
C111000,"Weizen ganzes Korn, roh",RAW,[GLUTEN],1,[FRUCTAN]
C219300,"Hartweizen Grieß",RAW,[GLUTEN],1,[]
C215000,"Weizen Dunst",RAW,[GLUTEN],1,[]
C218000,"Weichweizen Grieß",RAW,[GLUTEN],1,[]
C223200,"Roggen Mehl, Type 997",RAW,[GLUTEN],1,[FRUCTAN]
C126000,"Roggen Grieß",RAW,[GLUTEN],1,[FRUCTAN]
C221000,"Roggen Vollkornmehl",RAW,[GLUTEN],1,[FRUCTAN]
C223300,"Roggen Mehl, Type 1150",RAW,[GLUTEN],1,[FRUCTAN]
C223600,"Roggen Mehl, Type 1740",RAW,[GLUTEN],1,[FRUCTAN]
C223400,"Roggen Mehl, Type 1370",RAW,[GLUTEN],1,[FRUCTAN]
C222000,"Roggen Backschrot, Type 1800",RAW,[GLUTEN],1,[FRUCTAN]
C238000,"Dinkel Grieß",RAW,[GLUTEN],0,[]
C234100,"Dinkel Mehl, Type 812",RAW,[GLUTEN],0,[FRUCTAN]
C237000,"Dinkel Kleie",RAW,[GLUTEN],0,[FRUCTAN]
C421000,"Buchweizen Vollkornmehl",RAW,[],2,[]
C424000,"Buchweizen Mehl",RAW,[],2,[]
C422000,"Buchweizen Schrot",RAW,[],2,[]
C327000,"Buchweizen Grütze",RAW,[],2,[]
C432000,"Hirse Schrot",RAW,[],0,[]
C333100,"Hirse Flocken",RAW,[],0,[]
C433000,"Hirse Mehl",RAW,[],0,[]
C515100,"Cornflakes gesüßt, angereichert mit Vitaminen",COMPOSED,,,
C532000,"Reis gepufft, ungesüßt",RAW,[],0,[]
C533000,"Popcorn ungesüßt",RAW,[],0,[]
C546000,"Tortillachips (Nachos)",COMPOSED,,,
C534100,"Cerealien extrudiert, gesüßt, ungefüllt, mit Zimtgeschmack",COMPOSED,,,
C534400,"Cerealien extrudiert, gesüßt, ungefüllt, Frucht/Honig/Karamell/Schoko",COMPOSED,,,
C534600,"Cerealien extrudiert, gesüßt, divers gefüllt",COMPOSED,,,
C539200,"Cerealien Vollkornweizenschrot, gesüßt, ungefüllt",COMPOSED,,,
C650200,"Reisdrink ungesüßt, angereichert mit Vitaminen und Calcium",RAW,[],1,[]
C660200,"Haferdrink ungesüßt, angereichert mit Vitaminen, Calcium und Jod",RAW,[GLUTEN],1,[]
# === KATEGORIE D: Dauerbackwaren (Fortsetzung) ===
D630600,"Doppelkekse mit Kakaocremefüllung",COMPOSED,,,
# === KATEGORIE E: Eier ===
E141100,"Gänseei roh",RAW,[EGG],2,[]
E106100,"Wachtelei roh",RAW,[EGG],2,[]
E151100,"Putenei roh",RAW,[EGG],2,[]
E112500,"Hühnerei Eigelb, Pulver",RAW,[EGG],0,[]
E113500,"Hühnerei Eiklar, Pulver",RAW,[EGG],2,[]
# === KATEGORIE F: Obst (Fortsetzung) ===
F140100,"Quitte roh",RAW,[],0,[SORBIT]
F130100,"Birne roh",RAW,[],1,[FRUCTOSE,SORBIT]
F923900,"Apfelkompott/Apfelmark, ungesüßt, Konserve",RAW,[],0,[FRUCTOSE,SORBIT]
F120100,"Apfel geschält, roh",RAW,[],0,[FRUCTOSE,SORBIT]
F404100,"Eberesche süß, roh",RAW,[],0,[]
F529100,"Japanische Wollmispel/Loquat, roh",RAW,[],0,[]
F150100,"Mispel roh",RAW,[],0,[]
F120400,"Apfel geschält, getrocknet",RAW,[],0,[FRUCTOSE,SORBIT]
F220100,"Pflaume roh",RAW,[],0,[SORBIT]
F202100,"Nektarine roh",RAW,[],0,[SORBIT]
F203100,"Pfirsich roh",RAW,[],0,[SORBIT]
F203400,"Pfirsich getrocknet",RAW,[SULFITE],0,[SORBIT]
F545100,"Kochbanane roh",RAW,[],0,[]
F524100,"Cherimoya roh",RAW,[],0,[]
F840100,"Rosine/Sultanine (Weinbeere getrocknet)",RAW,[SULFITE],0,[]
F572100,"Tamarillo roh",RAW,[],0,[]
F552100,"Kapstachelbeere/Physalis, roh",RAW,[],0,[]
F564100,"Mangostane roh",RAW,[],0,[]
F559100,"Rambutan roh",RAW,[],0,[]
F533100,"Honigmelone roh",RAW,[],0,[FRUCTOSE]
F535100,"Wassermelone roh",RAW,[],0,[FRUCTOSE]
F513100,"Guave roh",RAW,[],2,[]
F508600,"Maracujasaft/Passionsfruchtsaft",RAW,[],0,[]
F603100,"Orange roh",RAW,[],3,[]
F604600,"Grapefruitsaft",RAW,[],2,[]
F606600,"Mandarinensaft",RAW,[],2,[]
F110600,"Apfelsaft",RAW,[],0,[FRUCTOSE,SORBIT]
# === KATEGORIE G: Gemüse (Fortsetzung) ===
G102100,"Endivie/Escariol, roh",RAW,[],0,[]
G101100,"Chicoree roh",RAW,[],0,[]
G108100,"Schnittsalat/Pflücksalat, roh",RAW,[],0,[]
G213100,"Neuseeländer Spinat roh",RAW,[],2,[]
G410100,"Artischocke roh",RAW,[],0,[]
G350100,"Romanesco roh",RAW,[],0,[]
G322100,"Grünkohl roh",RAW,[],0,[]
G343100,"Wirsing roh",RAW,[],1,[FRUCTAN]
G344100,"Spitzkohl roh",RAW,[],0,[FRUCTAN]
G321100,"Chinakohl roh",RAW,[],0,[FRUCTAN]
G331100,"Kohlrabi roh",RAW,[],1,[]
G345100,"Sauerkraut abgetropft, roh",RAW,[],3,[FRUCTAN]
G440100,"Palmenherz roh",RAW,[],0,[]
G482100,"Frühlingszwiebel/Lauchzwiebel, roh",RAW,[],1,[FRUCTAN]
G490100,"Knoblauch roh",RAW,[],1,[FRUCTAN]
G488100,"Silberzwiebel roh",RAW,[],1,[FRUCTAN]
G486100,"Frühlingszwiebel/Lauchzwiebel (ohne Laub) roh",RAW,[],1,[FRUCTAN]
G484100,"Perlzwiebel roh",RAW,[],1,[FRUCTAN]
G485100,"Schalotte roh",RAW,[],1,[FRUCTAN]
G568900,"Tomate geschält, Konserve",RAW,[],2,[]
G581000,"Kürbis Hokkaido (C. maxima) roh",RAW,[],0,[]
G583100,"Chayote roh",RAW,[],0,[]
G650100,"Schwarzwurzel roh",RAW,[],0,[]
G670100,"Wurzelpetersilie roh",RAW,[],0,[]
G630100,"Meerrettich roh",RAW,[],1,[]
G720100,"Wachsbohne roh",RAW,[],1,[GOS]
G750100,"Sojabohne unreif (Edamame) roh",RAW,[SOY],2,[GOS]
G760200,"Erbse grün, tiefgefroren",RAW,[],1,[GOS]
G520802,"Gurke gesäuert (Gewürzgurke) abgetropft",RAW,[],2,[]
# === KATEGORIE H: Nüsse, Samen, Hülsenfrüchte (Fortsetzung) ===
H110800,"Erdnussmus",RAW,[PEANUT],2,[GOS]
H160100,"Pekannuss",RAW,[NUT],1,[GOS]
F960800,"Cashewnussmus",RAW,[NUT],2,[GOS]
H320100,"Pinienkern",RAW,[NUT],1,[]
H210100,"Mandel süß",RAW,[NUT],1,[GOS]
H190600,"Macadamianuss geröstet ohne Fett",RAW,[NUT],0,[]
H250100,"Pistazie",RAW,[NUT],0,[GOS]
H250700,"Pistazie geröstet ohne Fett, gesalzen",RAW,[NUT],0,[GOS]
H480100,"Chia-Samen",RAW,[],0,[]
H520800,"Oliven geschwärzt, in Salzlake, abgetropft",RAW,[],2,[]
H702100,"Augenbohne reif",RAW,[],0,[GOS]
H750100,"Dicke Bohne reif",RAW,[],0,[GOS]
H742100,"Kidneybohne reif",RAW,[],0,[GOS]
H725100,"Linse reif",RAW,[],2,[GOS]
# === KATEGORIE C/G: Sonstige Getreide/Leguminosen ===
C551000,"Weizenkleber/Weizengluten",RAW,[GLUTEN],0,[]
H764400,"Sojamehl vollfett",RAW,[SOY],2,[GOS]
K762400,"Hefe Flocken/Nährhefe",RAW,[],1,[]
G760400,"Erbse reif",RAW,[],1,[GOS]
G750400,"Sojabohne reif",RAW,[SOY],2,[GOS]
G770400,"Kichererbse reif",RAW,[],2,[GOS]
G780400,"Limabohne (Butterbohne Mondbohne) reif",RAW,[],0,[GOS]
# === KATEGORIE H: Pflanzendrinks (Fortsetzung) ===
H800100,"Mandeldrink ungesüßt, angereichert mit Vitaminen und Calcium",RAW,[NUT],1,[]
H841100,"Sojadrink ungesüßt",RAW,[SOY],2,[GOS]
H843300,"Dessert/Puddingalternative, pflanzlich, angereichert mit Vitaminen und Calcium",COMPOSED,,,
H844100,"Soja-Joghurtalternative ungesüßt, angereichert mit Vitaminen und Calcium",RAW,[SOY],2,[GOS]
# === KATEGORIE K: Kartoffeln (Fortsetzung) ===
K130492,"Pommes frites tiefgefroren, frittiert",COMPOSED,,,
K120100,"Kartoffel ungeschält, roh",RAW,[],0,[]
K130262,"Pommes frites tiefgefroren, gebacken",COMPOSED,,,
K130200,"Pommes frites tiefgefroren",RAW,[],0,[]
K290100,"Kartoffelchips energiereduziert",COMPOSED,,,
K280200,"Kartoffelsticks",COMPOSED,,,
K707100,"Edel-Reizker roh",RAW,[],0,[MANNIT]
K718100,"Steinpilz roh",RAW,[],2,[MANNIT]
K709100,"Hallimasch roh",RAW,[],0,[MANNIT]
K702100,"Trüffel roh",RAW,[],0,[MANNIT]
# === KATEGORIE M: Milch & Milchprodukte (Fortsetzung) ===
M111100,"Milch entrahmt, frisch, höchstens 0,1 % Fett, pasteurisiert",RAW,[LACTOSE],0,[LACTOSE]
M114200,"Milch fettarm, 1,5 % Fett, laktosefrei, pasteurisiert",RAW,[],0,[]
M117700,"Sahneersatz (Mischung aus pflanzlichen Fetten und Milch)",COMPOSED,,,
M114300,"Vollmilch 3,5 % Fett, laktosefrei, pasteurisiert",RAW,[],0,[]
M021000,"Ziegenmilch mind. 3 % Fett",RAW,[LACTOSE],0,[LACTOSE]
M011000,"Schafmilch mind. 4,5 % Fett",RAW,[LACTOSE],0,[LACTOSE]
M141200,"Joghurt fettarm, mind. 1,5 % bis max. 1,8 % Fett",RAW,[LACTOSE],1,[LACTOSE]
M1A5200,"H-Milch fettarm, 1,5 % Fett, laktosefrei, ultrahocherhitzt",RAW,[],0,[]
M182100,"Kondensmagermilch max. 1 % Fett",RAW,[LACTOSE],0,[LACTOSE]
M1A7300,"H-Vollmilch 3,5 % Fett, laktosefrei, ultrahocherhitzt",RAW,[],0,[]
M182300,"Kondensmilch teilentrahmt, mind. 1 % bis < 7,5 % Fett",RAW,[LACTOSE],0,[LACTOSE]
M148300,"Joghurt mind. 3,5 % Fett, mit Magermilchpulverzusatz",RAW,[LACTOSE],1,[LACTOSE]
M1E3300,"Joghurt mind. 3,5 % Fett, laktosefrei",RAW,[],1,[]
M121300,"Dickmilch/Sauermilch, mind. 3,5 % Fett",RAW,[LACTOSE],1,[LACTOSE]
M141500,"Sahnejoghurt mind. 10 % Fett",RAW,[LACTOSE],1,[LACTOSE]
M130300,"Kefir mind. 3,5 % Fett",RAW,[LACTOSE],1,[LACTOSE]
M149500,"Schafjoghurt",RAW,[LACTOSE],1,[LACTOSE]
M161000,"Süßmolke",RAW,[LACTOSE],0,[LACTOSE]
M173800,"Schlagsahne mind. 30 % Fett",RAW,[LACTOSE],0,[LACTOSE]
M171500,"Kaffeesahne mind. 10 % Fett",RAW,[LACTOSE],0,[LACTOSE]
M182400,"Kondensmilch mind. 7,5 % Fett",RAW,[LACTOSE],0,[LACTOSE]
M2J7100,"Trinkjoghurt aus entrahmter Milch, max. 0,5 % Fett, mit Fruchtzubereitung, gesüßt",COMPOSED,,,
M2A3300,"Joghurt mild, max. 3,8 % Fett, mit Fruchtzubereitung, gesüßt, laktosefrei",COMPOSED,,,
M2L2300,"Trinkjoghurt mind. 3,5 % Fett, mit Fruchtzubereitung, gesüßt",COMPOSED,,,
# === KATEGORIE M: Käse (Hart-/Schnittkäse) ===
M303700,"Chester (Cheddar) mind. 50 % Fett i. Tr.",RAW,[LACTOSE],3,[]
M302600,"Bergkäse mind. 45 % Fett i. Tr.",RAW,[LACTOSE],3,[]
M302700,"Bergkäse mind. 50 % Fett i. Tr.",RAW,[LACTOSE],3,[]
M303600,"Chester (Cheddar) mind. 45 % Fett i. Tr.",RAW,[LACTOSE],3,[]
M313600,"Provolone mind. 45 % Fett i. Tr.",RAW,[LACTOSE],3,[]
M300600,"Hartkäse mind. 45 % Fett i. Tr.",RAW,[LACTOSE],3,[]
M309600,"Jarlsberg mind. 45 % Fett i. Tr.",RAW,[LACTOSE],2,[]
M403800,"Tilsiter mind. 60 % Fett i. Tr.",RAW,[LACTOSE],2,[]
M404600,"Wilstermarschkäse mind. 45 % Fett i. Tr.",RAW,[LACTOSE],3,[]
M406700,"Fontina mind. 50 % Fett i. Tr.",RAW,[LACTOSE],2,[]
M307700,"Raclettekäse mind. 45 % Fett i. Tr.",RAW,[LACTOSE],2,[]
M401700,"Edamer mind. 50 % Fett i. Tr.",RAW,[LACTOSE],2,[]
M401600,"Edamer mind. 45 % Fett i. Tr.",RAW,[LACTOSE],2,[]
M403700,"Tilsiter mind. 50 % Fett i. Tr.",RAW,[LACTOSE],2,[]
M403600,"Tilsiter mind. 45 % Fett i. Tr.",RAW,[LACTOSE],2,[]
M401400,"Edamer mind. 30 % Fett i. Tr.",RAW,[LACTOSE],2,[]
M401500,"Edamer mind. 40 % Fett i. Tr.",RAW,[LACTOSE],2,[]
M506600,"Danbo mind. 45 % Fett i. Tr.",RAW,[LACTOSE],2,[]
M524500,"Halloumi Grillkäse",RAW,[LACTOSE],1,[]
M501700,"Butterkäse mind. 50 % Fett i. Tr.",RAW,[LACTOSE],2,[]
M501600,"Butterkäse mind. 45 % Fett i. Tr.",RAW,[LACTOSE],2,[]
M507600,"Esrom mind. 45 % Fett i. Tr.",RAW,[LACTOSE],2,[]
M503700,"Steinbuscher mind. 50 % Fett i. Tr.",RAW,[LACTOSE],2,[]
M504500,"Weißlacker mind. 40 % Fett i. Tr.",RAW,[LACTOSE],2,[]
M503600,"Steinbuscher mind. 45 % Fett i. Tr.",RAW,[LACTOSE],2,[]
M504700,"Weißlacker mind. 50 % Fett i. Tr.",RAW,[LACTOSE],2,[]
M505700,"Trappistenkäse mind. 50 % Fett i. Tr.",RAW,[LACTOSE],2,[]
M501800,"Butterkäse mind. 60 % Fett i. Tr.",RAW,[LACTOSE],2,[]
M503400,"Steinbuscher mind. 30 % Fett i. Tr.",RAW,[LACTOSE],2,[]
M505600,"Trappistenkäse mind. 45 % Fett i. Tr.",RAW,[LACTOSE],2,[]
M602800,"Camembert mind. 60 % Fett i. Tr.",RAW,[LACTOSE],1,[]
M609800,"Weinkäse, Weichkäse, mind. 60 % Fett i. Tr.",RAW,[LACTOSE],1,[]
M600900,"Weichkäse mind. 70 % Fett i. Tr.",RAW,[LACTOSE],1,[]
M600800,"Weichkäse mind. 60 % Fett i. Tr.",RAW,[LACTOSE],1,[]
M601700,"Brie mind. 50 % Fett i. Tr.",RAW,[LACTOSE],1,[]
M602700,"Camembert mind. 50 % Fett i. Tr.",RAW,[LACTOSE],1,[]
M602400,"Camembert mind. 30 % Fett i. Tr.",RAW,[LACTOSE],1,[]
M601600,"Brie mind. 45 % Fett i. Tr.",RAW,[LACTOSE],1,[]
M600700,"Weichkäse mind. 50 % Fett i. Tr.",RAW,[LACTOSE],1,[]
M600600,"Weichkäse mind. 45 % Fett i. Tr.",RAW,[LACTOSE],1,[]
M604600,"Münster mind. 45 % Fett i. Tr.",RAW,[LACTOSE],1,[]
M605500,"Romadur mind. 40 % Fett i. Tr.",RAW,[LACTOSE],1,[]
M605700,"Romadur mind. 50 % Fett i. Tr.",RAW,[LACTOSE],1,[]
M609600,"Weinkäse, Weichkäse, mind. 45 % Fett i. Tr.",RAW,[LACTOSE],1,[]
M604700,"Münster mind. 50 % Fett i. Tr.",RAW,[LACTOSE],1,[]
M603700,"Limburger mind. 50 % Fett i. Tr.",RAW,[LACTOSE],2,[]
M605300,"Romadur mind. 20 % Fett i. Tr.",RAW,[LACTOSE],1,[]
M603300,"Limburger mind. 20 % Fett i. Tr.",RAW,[LACTOSE],2,[]
M600500,"Weichkäse mind. 40 % Fett i. Tr.",RAW,[LACTOSE],1,[]
M410700,"Schnittkäse aus Schafmilch, mind. 50 % Fett i. Tr.",RAW,[LACTOSE],2,[]
M6A5700,"Weichkäse aus Schafmilch, mind. 45 % Fett i. Tr.",RAW,[LACTOSE],1,[]
M713700,"Speisequark Rahmstufe, 50 % Fett i. Tr.",RAW,[LACTOSE],0,[LACTOSE]
M710700,"Frischkäsezubereitung Natur, mind. 50 % Fett i. Tr.",RAW,[LACTOSE],0,[LACTOSE]
M032100,"Mozzarella mind. 45 % Fett i. Tr.",RAW,[LACTOSE],0,[LACTOSE]
M176800,"Sauerrahm/Creme fraiche, 30 % Fett",RAW,[LACTOSE],0,[LACTOSE]
M780100,"Kochkäse < 10 % Fett i. Tr.",RAW,[LACTOSE],1,[LACTOSE]
M711100,"Körniger Frischkäse < 10 % Fett i. Tr.",RAW,[LACTOSE],0,[LACTOSE]
M711300,"Körniger Frischkäse mind. 20 % Fett i. Tr.",RAW,[LACTOSE],0,[LACTOSE]
M712200,"Schichtkäse mind. 10 % Fett i. Tr.",RAW,[LACTOSE],0,[LACTOSE]
M712300,"Schichtkäse mind. 20 % Fett i. Tr.",RAW,[LACTOSE],0,[LACTOSE]
M713200,"Speisequark Viertelfettstufe, 10 % Fett i. Tr.",RAW,[LACTOSE],0,[LACTOSE]
M713300,"Speisequark Halbfettstufe, 20 % Fett i. Tr.",RAW,[LACTOSE],0,[LACTOSE]
M730100,"Sauermilchkäse < 10 % Fett i. Tr.",RAW,[LACTOSE],1,[LACTOSE]
M710100,"Skyr, Frischkäse < 10 % Fett i. Tr.",RAW,[LACTOSE],0,[LACTOSE]
M7B1600,"Frischkäse aus Schafmilch, Natur, mind. 45 % Fett i. Tr.",RAW,[LACTOSE],0,[LACTOSE]
N314000,"Limonade chininhaltig",RAW,[],0,[]
N310400,"Zitronenlimonade",RAW,[],0,[]
N315000,"Ginger Ale",RAW,[],0,[]
N128000,"Natürliches Mineralwasser still",RAW,[],0,[]
N127000,"Natürliches Mineralwasser mit Kohlensäure",RAW,[],0,[]
N130000,"Natürliches Mineralwasser mit geringem Mineraliengehalt",RAW,[],0,[]
N160000,"Quellwasser",RAW,[],0,[]
N419000,"Türkischer Mokka (Getränk)",RAW,[],1,[]
N415000,"Kaffee (Getränk) entkoffeiniert",RAW,[],1,[]
N411100,"Espresso (Getränk)",RAW,[],1,[]
N416000,"Kaffee (Getränk) koffeinreduziert",RAW,[],1,[]
N440100,"Kaffee (Getränk) entkoffeiniert, aus Instantpulver",RAW,[],1,[]
N440900,"Instantkaffeepulver entkoffeiniert",RAW,[],1,[]
T403100,"Bachsaibling roh",RAW,[FISH],0,[]
U579100,"Schwein Schwartenbraten (Krustenbraten) roh",RAW,[],1,[]
T417100,"Wildlachs roh",RAW,[FISH],0,[]
U576100,"Schwein Bratenfleisch (Hüfte/Schinkenspeck) roh",RAW,[],1,[]
K706100,"Butterpilz roh",RAW,[],2,[MANNIT]
T094100,"Lachsrogen roh",RAW,[FISH],0,[]
G324100,"Pak Choi roh",RAW,[],0,[]
U754100,"Schaf Gulasch (Hals/Kamm/Nacken) roh",RAW,[],0,[]
U151100,"Rind Gulasch (Bug) roh",RAW,[],0,[]
T206100,"Schellfisch roh",RAW,[FISH],0,[]
U583100,"Schwein Kochfleisch (Bauch) roh",RAW,[],1,[]
T064100,"Hecht roh",RAW,[FISH],0,[]
U185100,"Rind Kochfleisch (Hüfte) roh",RAW,[],0,[]
F224100,"Mirabelle roh",RAW,[],0,[SORBIT]
U362100,"Kalb Roulade (Keule) roh",RAW,[],0,[]
U163100,"Rind Roulade (Oberschale) roh",RAW,[],0,[]
C119200,"Couscous (Hartweizen) roh",RAW,[GLUTEN],1,[FRUCTAN]
D079000,"Pizzateig (mit Hefe) roh",RAW,[GLUTEN],1,[FRUCTAN]
E605000,"Kartoffel-Schupfnudeln roh",RAW,[GLUTEN],0,[]
U131100,"Rind Steak (Rücken) roh",RAW,[],0,[]
G346100,"Weinsauerkraut roh",RAW,[],3,[FRUCTAN]
N611000,"Mate-Tee (Getränk)",RAW,[],0,[]
N720100,"Kräutertee (Getränk)",RAW,[],0,[]
N601000,"Roibusch-/Rooibos-/Rotbusch-Tee (Getränk)",RAW,[],0,[]
N670100,"Schwarztee (Getränk) entkoffeiniert",RAW,[],2,[]
P151120,"Hefeweizen/Weizenbier, 0,0 % vol",RAW,[GLUTEN],2,[FRUCTAN]
P151110,"Hefeweizen/Weizenbier, alkoholfrei",RAW,[GLUTEN],2,[FRUCTAN]
P161000,"Lagerbier hell",RAW,[GLUTEN],2,[]
P165000,"Lagerbier dunkel",RAW,[GLUTEN],2,[]
P197000,"Bier kohlenhydratreduziert",RAW,[GLUTEN],2,[]
P1A4000,"Leichtbier",RAW,[GLUTEN],2,[]
P163100,"Pilsner Bier, alkoholfrei",RAW,[GLUTEN],2,[]
P154000,"Kölsch",RAW,[GLUTEN],2,[]
P153000,"Altbier",RAW,[GLUTEN],2,[]
P172000,"Bockbier",RAW,[GLUTEN],2,[]
P177000,"Stout",RAW,[GLUTEN],2,[]
P174000,"Doppelbock",RAW,[GLUTEN],2,[]
P219000,"Eiswein",RAW,[SULFITE],3,[]
N014000,"Wein alkoholfrei",RAW,[SULFITE],2,[]
P289000,"Federweißer (Traubenmost teilweise vergoren)",RAW,[SULFITE],2,[]
P232000,"Weißwein Beerenauslese/Trockenbeerenauslese",RAW,[SULFITE],3,[]
P231000,"Weißwein süß",RAW,[SULFITE],2,[]
P230000,"Weißwein lieblich",RAW,[SULFITE],2,[]
P431000,"Portwein",RAW,[SULFITE],2,[]
P2A1000,"Rotwein süß",RAW,[SULFITE],3,[]
P2A2000,"Rotwein lieblich",RAW,[SULFITE],3,[]
P462000,"Sherry medium dry",RAW,[SULFITE],2,[]
P330000,"Perlwein/Perlwein mit zugesetzer Kohlensäure, trocken",RAW,[SULFITE],2,[]
P2A7100,"Qualitätsschaumwein, trocken",RAW,[SULFITE],3,[]
P2A7000,"Qualitätsschaumwein, halbtrocken",RAW,[SULFITE],3,[]
P2A6110,"Qualitätsschaumwein, lieblich",RAW,[SULFITE],3,[]
P2A6100,"Qualitätsschaumwein, süß",RAW,[SULFITE],3,[]
N005000,"Sekt alkoholfrei",RAW,[SULFITE],2,[]
P273000,"Rosewein trocken",RAW,[SULFITE],2,[]
P2B1000,"Rosewein süß",RAW,[SULFITE],2,[]
P2B1200,"Rosewein halbtrocken",RAW,[SULFITE],2,[]
Q310000,"Walnussöl",RAW,[NUT],0,[]
Q120000,"Olivenöl",RAW,[],0,[]
E470000,"Eier-Frischteigwaren Ravioli (Gemüsefüllung) roh",RAW,[GLUTEN,EGG],2,[]
D9A2000,"Vollkornhefeteig süß roh",RAW,[GLUTEN],1,[FRUCTAN]
G220100,"Bleichsellerie roh",RAW,[CELERY],0,[]
E530000,"Vollkorneierteigwaren roh",RAW,[GLUTEN,EGG],2,[]
U216100,"Rind Filetsteak roh",RAW,[],0,[]
F608100,"Satsuma roh",RAW,[],2,[]
G212100,"Gemüseamaranth roh",RAW,[],0,[]
U563100,"Schwein Roulade (Oberschale) roh",RAW,[],1,[]
F607100,"Clementine roh",RAW,[],2,[]
U681700,"Schwein Rohschinken",RAW,[],3,[]
F601100,"Zitrone roh",RAW,[],2,[]
C119100,"Bulgur (Hartweizen) roh",RAW,[GLUTEN],1,[FRUCTAN]
M112300,"Rohmilch/Vorzugsmilch",RAW,[LACTOSE],0,[LACTOSE]
G680100,"Rettich roh",RAW,[],0,[]
U342100,"Kalb Schnitzel (Keule) roh",RAW,[],0,[]
U371100,"Kalb Bratenfleisch (Bug) roh",RAW,[],0,[]
K717100,"Rotkappe roh",RAW,[],2,[MANNIT]
U554100,"Schwein Gulasch (Restbug) roh",RAW,[],1,[]
T424100,"Meerforelle roh",RAW,[FISH],0,[]
T033100,"Dornhai roh",RAW,[FISH],0,[]
E632300,"Dinkelvollkorneierteigwaren roh",RAW,[GLUTEN,EGG],2,[]
E603000,"Eier-Frischteigwaren Ravioli (Fleischfüllung) roh",RAW,[GLUTEN,EGG],2,[]
K270000,"Gnocchi roh",RAW,[GLUTEN],0,[]
U574100,"Schwein Bratenfleisch (Bug ohne Fett und Schwarte) roh",RAW,[],1,[]
U575100,"Schwein Bratenfleisch (Nuss) roh",RAW,[],1,[]
U564100,"Schwein Dicke Rippe roh",RAW,[],1,[]
F223100,"Zwetschge roh",RAW,[],0,[SORBIT]
F504100,"Dattel roh",RAW,[],0,[]
F211100,"Süßkirsche roh",RAW,[],0,[SORBIT]
G691100,"Radieschen roh",RAW,[],0,[]
T415100,"Königslachs roh",RAW,[FISH],0,[]
S451000,"Nuss-Nougat Rohmasse",RAW,[NUT],2,[]
F604100,"Grapefruit roh",RAW,[],2,[]
G430100,"Gemüsefenchel roh",RAW,[],0,[]
E632100,"Dinkeleierteigwaren roh",RAW,[GLUTEN,EGG],2,[]
E606000,"Semmelknödel roh",RAW,[GLUTEN],1,[FRUCTAN]
G230100,"Mangold roh",RAW,[],0,[]
E438000,"Eier-Frischteigwaren roh",RAW,[GLUTEN,EGG],2,[]
K240400,"Kartoffelkloß (aus rohen Kartoffeln) Trockenprodukt",RAW,[],0,[]
U382100,"Kalb Kochfleisch (Brust) roh",RAW,[],0,[]
F305100,"Stachelbeere roh",RAW,[],0,[]
E607000,"Grießklößchen roh",RAW,[GLUTEN],1,[FRUCTAN]
F609100,"Tangerine roh",RAW,[],2,[]
U682700,"Schwein Rohschinken",RAW,[],3,[]
U171100,"Rind Bratenfleisch (Bug) roh",RAW,[],0,[]
U571100,"Schwein Bratenfleisch (Bug mit Fett und Schwarte) roh",RAW,[],1,[]
U543100,"Schwein Schnitzel (Nuss) roh",RAW,[],1,[]
S421000,"Marzipan Rohmasse",RAW,[NUT],0,[]
T120100,"Pelamide roh",RAW,[FISH],0,[]
T612100,"Schwertfisch roh",RAW,[FISH],0,[]
D9A4000,"Vollkornplunderteig roh",RAW,[GLUTEN],1,[FRUCTAN]
G693100,"Wasabi roh",RAW,[],0,[]
E131100,"Entenei roh",RAW,[EGG],2,[]
T209100,"Seehecht roh",RAW,[FISH],0,[]
F602100,"Limette roh",RAW,[],2,[]
U323100,"Kalb Kotelett (Rücken) roh",RAW,[],0,[]
U184100,"Rind Kochfleisch (Bug) roh",RAW,[],0,[]
E608000,"Böhmische Knödel roh",RAW,[GLUTEN],1,[FRUCTAN]
F225100,"Reineclaude roh",RAW,[],0,[SORBIT]
U351100,"Kalb Gulasch (Bug) roh",RAW,[],0,[]
T900300,"Meeresfrüchtemischung roh",RAW,[MOLLUSC],0,[]
U221100,"Rind Roastbeef (Rücken) roh",RAW,[],0,[]
T121100,"Thunfisch roh",RAW,[FISH],0,[]
K704100,"Birkenpilz roh",RAW,[],2,[MANNIT]
T091100,"Heringsrogen roh",RAW,[FISH],0,[]
D7A7000,"Plunderteig roh",RAW,[GLUTEN],1,[FRUCTAN]
F613100,"Kumquat roh",RAW,[],2,[]
T412100,"Buckellachs roh",RAW,[FISH],0,[]
T200100,"Grenadier roh",RAW,[FISH],0,[]
T202100,"Leng roh",RAW,[FISH],0,[]
U121100,"Rind Kotelett (Rücken) roh",RAW,[],0,[]
D9A3000,"Vollkornmürbeteig süß roh",RAW,[GLUTEN],1,[FRUCTAN]
F501100,"Ananas roh",RAW,[],0,[FRUCTAN]
K750100,"Mischpilze roh",RAW,[],2,[MANNIT]
U541100,"Schwein Schnitzel (Oberschale) roh",RAW,[],1,[]
G492100,"Bärlauch roh",RAW,[],0,[]
T422100,"Forelle roh",RAW,[FISH],0,[]
T122100,"Weißer Thun roh",RAW,[FISH],0,[]
T124100,"Gelbflossen-Thun roh",RAW,[FISH],0,[]
F310100,"Weintraube roh",RAW,[],0,[]
F606100,"Mandarine roh",RAW,[],2,[]
G460100,"Portulak roh",RAW,[],0,[]
F212100,"Sauerkirsche roh",RAW,[],0,[SORBIT]
U642800,"Schwein Bauch (wie gewachsen) Rohpökelware",RAW,[],3,[]
U642700,"Schwein Bauch (wie gewachsen) Rohpökelware",RAW,[],3,[]
U331100,"Kalb Steak (Rücken) roh",RAW,[],0,[]
G103100,"Eisbergsalat roh",RAW,[],0,[]
G109100,"Zuckerhutsalat roh",RAW,[],0,[]
